id,title,description,point,start_date,end_date,status,created_at,updated_at
6028,Corrupti labore unde aliquid officiis libero.,"Porro dolorem tenetur sit neque nam hic. Culpa nobis recusandae explicabo.
Quam quia corrupti illo quod ut. Fuga ab tenetur fuga nisi quod doloribus. Recusandae totam architecto vel qui quis amet.",334,1986-10-05 09:48:32,2018-05-28 01:00:50,True,1995-09-11 00:58:12,1996-07-17 06:21:21
5506,Voluptate culpa quia omnis maiores provident voluptates nostrum.,"Tempore ab provident accusantium. Quam impedit cupiditate odit sed temporibus rem. Adipisci officiis dolores quis. Fugit quo aliquam repellat pariatur.
Dolore quas iste. Reiciendis ipsum nemo necessitatibus fugiat quibusdam porro.",94,1984-10-10 06:47:31,1975-07-27 14:04:07,False,1986-05-13 01:01:51,1990-08-11 03:52:22
8366,Amet occaecati dolor consectetur earum.,"Aspernatur facere quas sunt. Placeat molestiae dolorem at distinctio fuga.
Quo neque quidem sed quis delectus magni. Harum omnis natus cumque sapiente a. Aliquam voluptate aut similique nisi est quibusdam.",74,1986-01-18 00:13:41,2015-08-06 13:29:55,False,2016-08-10 18:28:53,1971-07-16 13:23:34
4259,Fugiat quas sint repellendus tempore.,"Accusamus ut voluptates totam occaecati cum occaecati. Minus a illum iure ex porro.
Saepe eaque laudantium nemo ea distinctio. Veniam impedit quidem nisi.
Quae provident explicabo. Necessitatibus veritatis maxime adipisci delectus nam maxime.",648,2010-08-18 07:50:47,2007-10-18 05:50:48,False,1971-12-11 14:09:04,1980-08-30 00:31:03
596,Distinctio dignissimos inventore illo quisquam veniam expedita voluptatibus.,"Quia suscipit optio placeat similique dolor. Doloribus ad est nam magnam a. At adipisci accusantium at soluta et vitae. Recusandae minus voluptate.
Aliquid id adipisci culpa consequatur. Quos et quos sequi corrupti perferendis repellendus.",859,1976-01-20 05:33:12,2012-05-27 22:25:07,False,2002-12-13 10:12:11,2004-03-05 07:49:51
4914,Molestiae nisi quia amet.,"Quo reprehenderit officiis quo. Fugiat sapiente commodi illo alias. Cum veniam dolorum veniam expedita non ratione.
Sequi modi neque quasi voluptas impedit blanditiis sint.",958,1976-09-06 20:26:32,1973-07-01 13:26:27,True,2020-05-08 14:50:51,1975-02-03 09:03:09
2140,Ducimus blanditiis omnis.,Iste sapiente provident quod tempore voluptatem veniam similique. Repellendus hic odio impedit quas. Maiores assumenda quia illo adipisci quae mollitia. Quasi nemo exercitationem rerum adipisci cum.,820,2023-09-01 11:57:03,1989-08-20 18:55:10,False,1992-08-02 16:26:46,2006-11-14 08:33:40
5456,Quis harum sunt.,"Animi perferendis aperiam omnis dolor porro quam. Facilis assumenda maiores laboriosam id blanditiis alias.
Aspernatur blanditiis qui molestias cumque dolores. Optio animi minus sunt nisi. Voluptatum illo odit sint provident pariatur mollitia.",660,1997-05-03 13:37:24,1993-03-08 00:39:41,True,1974-03-10 20:21:08,2007-05-22 01:23:04
9423,Rerum iusto exercitationem.,"Quod illo consectetur laudantium explicabo at numquam. Debitis atque quas itaque saepe hic earum. Asperiores inventore labore voluptates aliquam atque.
Sed facere eius possimus nisi. Magnam magnam rerum culpa odio optio. Consequuntur harum dolor.",269,1990-08-05 15:15:51,1995-05-13 04:38:48,True,2014-03-23 21:36:24,1982-12-19 19:26:45
6805,Inventore cumque odit minima delectus tempore.,"Ratione id esse vero excepturi a minima. Suscipit neque culpa necessitatibus. Possimus aut magnam dolore.
Minus labore impedit rerum. Nulla quaerat molestias reprehenderit.",889,2006-04-28 08:12:26,2004-10-18 23:56:36,True,2014-06-01 12:50:30,2002-03-03 22:24:52
8633,Dolor aspernatur at dicta unde et.,"Nobis maiores libero. Nam asperiores tempore illo soluta amet. Quam occaecati autem excepturi.
Exercitationem eligendi at velit officiis reprehenderit vero beatae. Dicta dolores repudiandae ipsum expedita. Atque occaecati dignissimos cum.",631,1997-09-05 17:26:40,2001-12-30 01:23:18,True,2005-05-03 05:41:12,2007-09-26 05:29:07
6704,Hic est sunt a voluptate.,"Laudantium accusamus laborum iure. Ratione facilis voluptas dicta repellendus.
Iste eligendi maiores aliquam. Cupiditate quas et quae accusamus tempora.",581,2020-02-15 06:27:14,2002-06-07 12:22:29,False,1976-04-27 06:40:41,2016-05-31 11:57:18
7599,Id neque pariatur iste saepe autem incidunt.,"Consequatur iusto voluptatum atque repudiandae. Reprehenderit recusandae assumenda blanditiis. Ad consectetur libero excepturi recusandae inventore.
Vel enim neque vitae ullam rerum.",479,1991-02-05 07:46:18,2023-03-09 03:17:20,False,1974-09-07 19:38:21,1987-01-06 03:39:33
3499,Accusantium quos inventore modi.,"Exercitationem sit esse placeat recusandae. Quisquam quo iusto dignissimos pariatur quidem earum. Delectus numquam dolorum quo. Dolores debitis mollitia vitae nulla eius ab.
Perspiciatis saepe voluptatum dignissimos quisquam illum totam.",281,1989-07-23 04:39:48,1988-07-24 12:35:46,False,1998-07-14 08:03:36,2022-08-04 07:21:30
2025,Consequuntur omnis beatae dicta.,"Et debitis esse corporis. Officiis eum veritatis repudiandae dolorem neque. Necessitatibus distinctio amet hic saepe. Beatae deleniti mollitia eveniet velit.
Natus dolores doloremque quis excepturi quod totam. Vero at temporibus quaerat ipsum.",533,1982-05-03 08:42:23,1971-06-03 03:33:05,False,1977-10-14 22:25:29,1978-02-03 10:26:40
6027,Veniam dolore amet voluptatem quidem hic.,Libero cum repellendus labore architecto debitis. Corporis amet commodi. Sed dignissimos quos.,296,1975-10-01 01:59:30,1996-12-07 22:26:42,True,1974-05-17 13:31:09,2004-12-12 16:36:07
2428,Saepe odit quam nesciunt omnis atque laudantium repellendus.,Dignissimos veritatis aliquid magnam. Nihil aperiam quisquam. Incidunt architecto vero dolores.,35,1988-11-07 04:43:28,1971-06-13 11:51:28,False,2008-02-19 21:12:18,2024-03-26 19:25:07
4824,Consequatur deleniti unde illum nesciunt et laboriosam.,"Ipsam alias quos debitis. Molestiae illum voluptate eos accusantium. Sit et illo natus fuga ea ut.
Velit debitis labore quidem eligendi vel. Eveniet repellendus blanditiis praesentium sunt quod atque. Dicta itaque sed harum ex.",107,1982-06-22 16:22:38,1982-01-22 11:45:02,False,1981-02-20 16:53:36,2018-06-11 00:23:56
1822,Odit ut commodi hic corporis.,"Occaecati corporis in optio.
Distinctio culpa quis voluptas qui totam consequatur quaerat. Ea rem modi unde voluptas tempore velit. Quos molestias magni beatae sint.
Voluptatibus vero saepe dicta deleniti rem eaque.",865,1981-01-31 01:27:14,1988-01-28 19:33:00,False,2011-10-22 09:57:40,2009-10-04 17:39:07
7802,Occaecati recusandae cupiditate est quae sunt nobis.,"Ipsa nobis dolores suscipit repellendus temporibus laudantium. Aliquam totam sit ipsa rem.
Deleniti soluta nesciunt nam in. Optio excepturi magni ullam.",347,2013-06-10 16:15:54,2018-08-22 18:10:32,True,2021-03-13 04:03:22,1980-07-16 05:25:48
241,Ullam architecto dolores.,"Rerum odio sint veritatis aliquid sapiente occaecati. Quis distinctio quod id atque molestias deserunt. Natus quo voluptatibus vitae incidunt vero reprehenderit facere.
Saepe ex molestiae eos. Cum est vel odio fuga.",615,1986-07-28 06:15:16,1998-04-07 20:25:14,False,1995-05-19 21:37:15,1971-06-11 19:59:16
6317,Ad sapiente voluptatibus.,"Eveniet voluptatum odio fuga quasi explicabo dolorem. Doloribus porro minima dolores voluptates accusantium.
Perferendis nisi nesciunt officia ad at sit. Suscipit eos modi aliquam laboriosam repellat eveniet suscipit.",814,1986-10-31 06:47:37,1984-12-16 04:50:50,False,2020-08-24 22:38:05,1973-09-09 18:28:28
9157,Et temporibus numquam atque.,"Ullam non voluptatem odit. Quod debitis ad nemo doloribus earum. Praesentium atque laudantium iste totam illum nihil.
Fugit dolor vel accusamus consequatur sint. Inventore optio omnis aspernatur ab autem recusandae nostrum.",69,1980-01-08 01:01:18,1994-05-08 09:20:55,True,1970-12-21 07:47:03,1985-10-17 09:10:15
5241,Numquam inventore ut.,"Maxime debitis culpa consequatur error pariatur.
Fugiat illum necessitatibus aliquid alias similique. Fuga sit perferendis iste eius.",582,2007-12-29 06:42:22,2016-12-22 17:48:01,False,2000-10-04 18:36:27,1993-05-27 14:17:33
997,Earum nulla optio quo.,Cupiditate sequi recusandae magni. Hic dolore porro minus eius incidunt hic. Porro cum cumque excepturi sunt possimus.,839,2005-10-06 19:54:35,1971-01-02 19:01:03,False,1986-02-06 08:19:04,2018-09-26 15:17:36
3148,Veritatis quia illum asperiores.,"Corrupti impedit in veritatis. Optio blanditiis nesciunt libero vel.
Dolor tenetur beatae laudantium earum. Sint corporis ab dolorum.
Officia illum atque nemo repudiandae dolores. Excepturi veritatis modi.",652,1980-07-08 21:39:20,2017-05-03 01:44:45,False,1998-07-27 16:17:10,1986-03-19 20:42:17
8925,Voluptate tempora ut eum similique similique.,A perferendis doloribus vitae recusandae atque expedita. Quo corporis quos maiores cum ipsam quia nisi.,808,1995-12-16 04:08:54,1976-07-04 21:44:41,True,2012-04-19 06:05:41,1974-01-20 03:23:42
5717,Nulla ut qui.,"Dolorum itaque deserunt aut esse alias quo. Laboriosam quam provident molestiae fuga.
Accusamus error eos molestiae. Sit incidunt aliquam nihil aspernatur est.
Iure aliquid illo aliquid. Recusandae voluptatem cum eligendi asperiores maiores.",501,1994-01-01 13:34:05,1991-02-12 22:44:35,False,1971-11-06 17:09:40,1983-10-11 23:07:25
667,Veniam quia aliquid doloribus soluta eum autem officiis.,"Dignissimos rerum voluptatum delectus officiis distinctio labore. Dicta ipsum ex velit. Dolore odio rem ex.
Sit explicabo maiores occaecati neque in non tempora. Esse nisi voluptas reprehenderit nostrum illum. Praesentium nemo soluta.",266,2011-07-31 20:03:45,2007-12-19 08:27:46,False,1979-03-29 01:22:16,1996-11-03 09:40:28
7267,Ad animi in itaque inventore.,Eveniet excepturi atque et libero cumque. Veniam totam tempora nobis soluta modi.,446,2001-11-02 08:35:57,2016-11-26 18:28:15,True,2011-10-31 12:36:11,1978-04-24 00:46:09
3576,Ut eveniet vero molestias.,"Laudantium nemo vitae numquam sequi eveniet. Expedita quisquam fugit impedit nisi.
Minus odit est earum cupiditate odio praesentium. Quod et rem quas aperiam.
Fugit deserunt fugit molestiae. Perspiciatis omnis error provident hic laborum.",337,1983-08-10 03:29:55,1981-01-19 03:56:29,False,2017-03-09 09:47:14,1991-04-07 22:21:11
1629,Debitis necessitatibus dolores accusamus enim laborum.,"Fuga itaque cumque cupiditate id.
Maiores libero impedit aperiam omnis cumque nemo excepturi. Ullam debitis vitae labore quo.
Cum unde nemo debitis. Ad repudiandae esse sequi perferendis dolore sequi. Provident cupiditate magni unde.",985,1976-03-22 08:51:00,1973-11-26 23:01:47,False,1979-01-29 14:07:16,2015-02-25 17:06:06
547,Laborum cumque dolor adipisci vero fugit quisquam.,"Fugit totam ducimus expedita. Maxime itaque ullam atque distinctio perspiciatis.
Nemo iure adipisci nemo natus sed iure. Libero ex explicabo et quas optio sapiente illum.
Et laboriosam earum aspernatur. Quia modi architecto.",988,2017-05-24 05:39:09,1976-04-23 21:23:10,False,1973-01-17 12:36:41,2017-06-28 11:05:42
8383,Quod hic aliquam perferendis.,"Quibusdam velit deserunt incidunt sunt. Laborum ullam minima aliquid.
Eum error accusamus accusamus maiores ut eius. In quas quia perferendis alias recusandae perspiciatis. At consequuntur ullam voluptatum voluptatem eligendi nostrum reiciendis.",398,2003-08-17 04:50:39,1989-04-18 15:49:32,False,1994-05-14 05:50:33,1987-02-12 22:33:24
6382,Ducimus dolore laboriosam ipsum.,"Tempore qui neque dolor consequatur quisquam fuga. A ducimus quae doloremque nostrum.
Quo odit error occaecati itaque architecto. Fugiat quaerat reiciendis vitae quam vero.
Tempore asperiores sint dolores. Magnam architecto accusantium incidunt.",138,2018-10-26 22:17:44,2001-07-25 11:41:13,True,2012-11-04 18:04:42,1974-05-28 13:24:39
495,Quod odio mollitia recusandae.,"Iure reprehenderit magni saepe modi quo dolor. Eaque totam error odio voluptatum natus ut possimus. Dicta possimus aperiam optio fugit rem assumenda quisquam.
Excepturi eos odio deleniti. Ex doloribus harum inventore. Totam aliquid delectus.",327,1999-11-02 15:08:14,2023-05-24 17:29:15,True,1983-11-30 20:27:32,2007-10-15 04:49:08
194,Modi porro aut in.,Reprehenderit sint delectus adipisci facere corrupti. Iste esse voluptates placeat. Vero magni itaque expedita vel voluptatem assumenda.,994,1980-01-10 12:41:55,2010-12-29 18:37:04,True,1985-12-30 21:05:13,2012-05-16 02:37:24
3390,Deleniti quam velit deserunt culpa.,"Aspernatur dolorum ducimus sequi nam esse. Reprehenderit neque sit.
Repellendus iste quisquam. Omnis id consequuntur nobis eos quia. Sequi voluptatum repellat omnis unde eius voluptas optio. Aliquid iste quibusdam at.",833,2014-01-27 05:43:55,1982-09-14 22:02:23,True,2015-12-04 01:36:00,1982-08-31 23:19:37
431,Consequatur quibusdam cum quia explicabo soluta at.,"Necessitatibus rerum tempore animi. Debitis quo assumenda odit.
A accusantium provident provident quod. Odit cumque dolores aperiam quia at excepturi.
Error reiciendis exercitationem praesentium optio. Sapiente animi blanditiis.",318,1970-06-06 06:20:12,1978-11-04 12:30:11,True,1986-02-18 01:48:18,1983-12-18 08:59:06
6665,Eligendi corporis molestias consectetur nam dolor.,"Deleniti eum culpa aliquam. Nostrum unde non. Distinctio vel nulla adipisci impedit molestiae.
Aperiam similique reprehenderit nihil a ad. Non voluptatibus soluta unde. Esse itaque voluptates quis.",543,1986-01-28 22:21:48,1993-01-30 09:20:43,True,2010-09-08 15:05:38,1995-07-06 06:20:50
3673,Porro placeat iure asperiores.,"Enim officiis quis voluptatibus est ipsam sint excepturi. Neque dolor voluptates dolores id eius. Voluptates ex porro ullam laborum.
Minus aliquid aliquid veniam eligendi vero maxime. Aliquam itaque corporis nemo.",959,2018-01-26 19:31:05,2021-07-06 02:37:55,False,1970-02-28 11:36:32,1974-05-24 09:45:00
3543,Repudiandae a quo.,"Laboriosam fugiat odio rerum laborum dolores. Ex eos fugiat quae quo ratione a. Placeat omnis laudantium.
Maxime tenetur rem excepturi distinctio. Maiores ab quaerat doloribus quia.",789,2019-05-25 21:03:00,2018-12-14 05:35:04,False,1992-01-10 19:08:15,2021-08-17 21:48:22
1737,Reiciendis consequatur suscipit a ducimus.,"Odio error amet. Dicta recusandae veniam repudiandae eaque numquam mollitia.
Cupiditate odit quasi nesciunt sint eveniet dicta.
Minus esse nulla. Et debitis quidem atque quis modi deserunt.",139,1993-04-26 07:22:29,2012-02-09 06:52:57,True,1994-01-12 02:43:45,1999-06-06 10:22:34
3864,Numquam alias dignissimos esse consequatur architecto.,"Sed sed voluptate facilis tenetur. Hic dolorum eligendi ex. Temporibus aspernatur odit harum amet dignissimos.
Quos rem soluta temporibus eaque aliquam eius.
Sint rem velit qui provident possimus. At consequatur similique animi iusto.",478,1973-04-17 05:56:48,1981-05-11 09:27:03,True,2004-08-06 03:49:55,2017-02-02 02:31:27
9467,Vitae earum quas quisquam facilis accusamus nisi.,"Quaerat cumque ea consectetur iure. Quaerat nisi deserunt reprehenderit commodi debitis. Molestiae quod dignissimos iusto aut ullam. Neque molestiae non consequuntur omnis.
Itaque minima ipsam in accusantium. Blanditiis mollitia amet excepturi itaque.",492,2023-02-04 05:21:04,1986-09-07 11:13:06,False,2018-04-11 12:33:16,1999-10-06 20:26:08
2538,Ratione ipsam hic cum impedit.,"Voluptate incidunt quos. Cum similique eos mollitia.
Sed neque doloremque. Eveniet consectetur iure vitae dolore tempore nisi fugit. Quas tempore veritatis itaque.",933,1996-01-18 12:01:09,2022-04-24 10:04:09,True,1994-09-16 17:47:30,2019-10-17 21:21:48
9019,Quas nesciunt voluptatem.,"Maiores inventore quasi.
Quod assumenda pariatur fugit corporis nulla distinctio. Voluptatum veniam pariatur.
Dolorem magni aspernatur corporis delectus sit amet quo. Dolor exercitationem quis temporibus.",871,2000-11-03 14:56:37,2016-08-08 01:01:17,True,1985-01-21 15:03:11,1992-05-04 01:49:30
4888,Optio labore voluptatum error debitis maxime.,"Earum delectus aliquid mollitia magni molestias. Quam laborum nihil. Corporis neque ipsum ipsum.
Doloribus rerum non optio odit qui reprehenderit.
Impedit ipsam sit explicabo sit enim.",617,1990-07-16 05:02:49,2017-12-18 23:04:18,True,1994-04-18 07:50:20,2016-09-28 20:29:29
2886,Debitis vel ratione expedita repellendus ipsa architecto vero.,"Porro repudiandae ratione consequatur blanditiis.
Sit incidunt at quibusdam voluptatum reprehenderit. Nesciunt provident animi tenetur voluptatibus. Cupiditate perferendis explicabo quae ratione accusantium sunt.",487,2006-12-25 21:14:41,1991-01-01 01:03:38,False,1977-06-23 04:46:09,2001-10-24 17:35:40
78,Corrupti nostrum itaque sapiente vitae porro velit.,"Nostrum a fugit cupiditate. Minima vel molestiae provident quae ea. Voluptatem provident debitis doloremque.
Porro nobis vero. Doloremque placeat facere ratione voluptas ipsa. Minima est nihil aspernatur quos ullam.",731,1973-08-14 20:10:56,2001-10-12 04:19:06,True,2000-12-22 00:16:15,2005-08-05 02:57:38
2209,Corrupti sunt suscipit eveniet magni voluptatem.,"Perspiciatis consequatur alias rem magni soluta perferendis. Aliquid numquam possimus dolore debitis voluptatibus aperiam.
Quibusdam necessitatibus quae voluptatem. Aspernatur non excepturi magni a voluptatibus nobis. Aliquam rerum ratione odit.",117,2010-05-21 06:00:03,1989-06-14 01:07:52,False,1981-10-04 13:54:17,1986-12-26 18:37:54
6710,Eaque magnam ad ullam consectetur natus.,"Optio eum consequatur ut consectetur quidem nisi.
Nobis ullam eaque error iure. Quisquam vitae blanditiis libero.",290,1995-11-19 22:04:08,2004-02-24 06:55:41,True,1989-01-10 15:47:25,2002-02-07 03:56:51
5329,Qui perspiciatis amet.,"Fuga quos nostrum. Unde consectetur ex sequi. Nisi minima blanditiis iure ab occaecati distinctio. Quia expedita eum in quia esse facere.
Quos occaecati odio cupiditate aliquid libero ut. Iste perferendis earum esse culpa nobis sunt.",587,1990-09-20 23:28:25,1977-04-29 18:24:40,True,1971-01-25 05:35:36,2010-02-07 17:11:01
1988,Nostrum tenetur eligendi molestiae.,Similique consequuntur minus accusantium in sit soluta. Totam iusto rem. Odio quis nobis deserunt officiis. Quasi incidunt debitis ea vitae similique.,297,1987-03-09 08:35:32,1999-01-07 04:00:59,True,2014-06-11 23:28:42,2004-09-05 04:18:02
2780,Voluptas nihil ad numquam.,"Cum quae cupiditate sunt odio. Vitae blanditiis nisi nesciunt.
Dolorum officia praesentium voluptatem tempora temporibus ipsa quaerat. Ullam iure blanditiis.
Consequuntur eos quos dolor placeat optio. Voluptas atque doloremque odit ullam minus.",329,1983-12-16 02:19:13,2020-04-29 11:02:28,False,1988-10-25 04:42:51,2004-01-14 16:06:47
6658,Eius corrupti molestiae neque quo sunt eligendi.,Accusantium eligendi possimus eos eligendi quibusdam. Iure numquam quibusdam quod eligendi nemo adipisci. Minus error doloribus eaque. Dolorem sed aut nostrum dolorem facilis.,91,1983-03-28 22:01:10,2024-05-26 12:50:10,False,2017-05-04 15:38:54,1980-06-03 06:53:09
4563,Sint saepe voluptatum distinctio praesentium.,"Totam maxime amet sapiente consequatur delectus sequi. Quaerat ea recusandae ratione sit.
Tenetur excepturi incidunt hic. Corrupti magnam consequuntur accusantium ipsam.",415,2009-09-03 01:01:11,1974-11-02 01:45:26,False,2003-07-23 07:00:57,1978-04-17 01:00:12
3919,Aut ad dolor eligendi et labore.,"Repellat occaecati magni voluptatibus a. Ea eligendi nobis excepturi eaque.
Nemo ipsa sit minima sapiente inventore. Voluptatum dignissimos impedit enim similique.",547,2013-10-04 10:51:06,2004-09-09 10:03:06,False,2010-12-13 00:02:23,1991-06-26 21:12:35
2799,Porro laborum nihil soluta quod porro.,"Molestiae impedit amet nostrum repellendus omnis. Cupiditate quas libero dignissimos pariatur.
Deleniti autem animi mollitia error fugit distinctio. Deserunt ab totam nobis.",165,1989-01-29 23:04:13,2023-02-24 10:15:09,False,2009-04-15 10:17:26,1984-06-04 06:06:54
8258,Officiis inventore ea officia perferendis.,"Unde necessitatibus libero recusandae. Occaecati fugit sequi ea.
Odio quis tenetur temporibus omnis facere odit. Consequuntur aut numquam occaecati.",922,1980-07-26 10:29:54,2012-08-07 19:11:54,True,2015-03-18 18:58:36,1989-01-23 23:31:34
6072,Voluptatibus accusantium incidunt earum dolore odio.,"Laboriosam sed cupiditate reprehenderit quis ea odio. Iste aut adipisci consectetur velit voluptate suscipit. Ea sint recusandae quibusdam aperiam.
Unde sunt error doloremque natus cum. Assumenda officiis ullam minus maxime consequuntur voluptas.",993,2023-03-19 16:20:16,2017-07-04 11:02:28,False,2015-09-04 16:19:38,2018-11-25 14:15:05
9082,Debitis explicabo recusandae numquam fuga.,"Minus iusto repellat nesciunt. Architecto inventore dolores.
Natus maxime quia dolor cupiditate quaerat. Velit id iste libero facilis ipsam velit vel.",454,1996-02-21 03:05:02,1998-04-19 03:00:49,True,1983-06-09 13:20:21,2014-04-07 00:19:32
8799,Labore dicta consequuntur repellendus velit cupiditate saepe animi.,"Cum sint sit laudantium minima. Vel laboriosam labore nemo eligendi.
Sunt velit ab earum. Recusandae architecto doloremque non quam facilis totam. Ipsam explicabo veniam dolore.",454,1975-06-17 12:31:56,2007-06-03 06:47:55,False,1971-03-20 18:26:37,2017-11-22 08:01:00
5004,Architecto error dicta saepe accusamus quos cupiditate.,"Maxime tempore odio ullam. Beatae nemo officiis earum excepturi. Excepturi eligendi similique blanditiis libero. Officiis voluptatum sapiente magni blanditiis beatae nam.
Recusandae quia sed sed optio. Qui accusamus debitis id debitis.",568,2004-02-25 15:48:37,1998-05-05 12:38:56,False,1986-06-29 22:43:04,1972-06-06 03:47:27
7350,A totam ipsum.,"Quod deleniti aspernatur corrupti ea nostrum sunt. Neque et minus delectus.
Molestiae voluptates amet facilis. Fugiat labore expedita delectus repellat ipsam temporibus. Tenetur amet sapiente ipsam corrupti. Facere quidem accusamus a soluta.",198,2012-04-16 06:13:51,1988-07-01 19:45:51,True,2009-04-05 22:47:49,1988-08-04 10:46:19
808,Ea quisquam odit quisquam.,"Ipsum ab nobis aliquid vel sequi. Necessitatibus aspernatur vel amet.
Delectus blanditiis alias quaerat illum. Ipsa animi velit deleniti impedit.",331,1990-01-05 11:23:31,2008-12-15 01:20:00,True,2013-04-13 13:58:40,2017-06-26 01:03:33
7364,Sapiente autem nesciunt quod saepe atque ratione tenetur.,"Libero labore quam voluptatem. Nam impedit vitae eius autem. Maiores fugit ipsam molestias possimus blanditiis numquam natus.
Dolores minima temporibus molestias velit assumenda. Veritatis assumenda quae fugit ad.",745,1978-02-04 06:07:49,1972-08-03 17:00:55,True,2021-06-04 16:12:06,1971-10-09 03:09:25
7273,Vitae sit deserunt natus iusto delectus doloremque.,Dolorem reprehenderit explicabo eius. Expedita iure tenetur quos tempore. Quis iure qui a velit expedita. Perspiciatis impedit cum maxime repellendus earum odit.,155,2011-03-14 01:59:21,2023-12-08 21:03:36,True,1982-06-10 22:36:25,1995-10-28 19:53:29
6795,Consequatur harum autem quibusdam tempore atque doloribus.,"A delectus recusandae ex natus eligendi. Ullam consectetur maiores nobis sunt reprehenderit ex nobis.
Inventore perspiciatis assumenda hic fuga fugit fugit. Laboriosam quod ipsam sapiente quis explicabo cumque.",761,1977-08-13 10:59:09,2014-01-06 09:53:25,False,1980-11-27 21:41:20,1970-02-02 14:20:15
424,Deserunt quo aspernatur ducimus placeat voluptatum cupiditate.,"Facere tempore sint maiores repudiandae illum. Aut at fugiat.
Nihil quasi veritatis incidunt iusto nemo aperiam eos. Molestias repellendus blanditiis neque eaque.
Molestiae ut ad vel aperiam labore in accusantium. Aliquam mollitia unde atque suscipit.",801,2010-12-15 17:15:12,1981-08-28 15:42:42,False,1976-10-07 15:23:50,1983-03-05 20:31:45
2391,Voluptas harum quia veritatis perspiciatis.,"Quos unde officia. A numquam quos officiis voluptate.
Eaque autem libero distinctio laboriosam maiores aspernatur minus. Quam omnis enim veritatis cum rem ipsum ipsum. Nam illo nam quo fugit quaerat placeat.",576,1970-05-17 23:35:56,2005-06-10 09:09:59,False,2012-05-07 00:18:54,1993-05-29 05:58:34
8163,Debitis repellat officia neque tenetur fugiat.,"Incidunt eveniet dolore. Sapiente maxime ab quae dignissimos occaecati.
Velit asperiores sapiente rem nesciunt. Quod vel voluptas dicta quidem inventore expedita. Vitae eius accusantium fugiat earum modi quas voluptatem.",866,2011-03-09 05:29:40,2023-10-14 17:01:37,True,1973-08-21 02:49:45,2016-04-22 21:58:55
6555,Quia repellat autem nihil.,"Sit vel impedit ut a rem. Quia autem perferendis quod nostrum perferendis esse. At quis molestiae illo aut repellendus. Eos dicta quia nostrum commodi repudiandae.
Commodi accusamus pariatur qui voluptas omnis.",725,1999-06-24 12:12:38,2007-10-18 08:18:35,False,1977-04-06 04:19:37,1976-04-09 12:15:53
2606,Quisquam non ipsum neque quae perspiciatis deleniti.,Neque facilis esse cupiditate excepturi. Id culpa voluptas facilis ut illum. Sequi voluptas natus fuga perferendis maiores optio. Fuga commodi minus culpa quos quaerat quas.,321,1976-10-17 12:23:36,2004-11-30 02:32:28,False,2022-10-01 18:09:05,2009-09-14 05:24:36
4835,Aperiam hic deleniti rem.,"Qui exercitationem rerum temporibus itaque. Beatae necessitatibus earum quasi iusto optio aut. Nam error mollitia magnam qui unde.
Tempore ex alias ab adipisci quod. Voluptatum earum soluta minus amet libero commodi.",630,1971-01-15 14:31:55,2004-04-09 13:32:16,True,2016-12-01 07:03:06,1999-07-31 17:01:52
9603,Culpa cum ipsa.,"Odio magni illo labore unde aspernatur.
Praesentium corporis quos culpa. Saepe numquam sequi saepe ab adipisci sint.
Quaerat beatae nobis mollitia harum. Quaerat a hic.
Nemo corrupti doloribus facilis quidem. Deleniti deleniti unde illum neque.",474,1979-07-27 21:10:36,1989-01-28 13:35:32,True,1974-10-19 03:20:02,2012-10-06 05:22:09
1553,Nam perferendis rem quidem.,Nesciunt ab minus atque alias. Quis vel facere odio non vero. Fuga in a cupiditate voluptas ducimus voluptatem.,440,1972-06-06 11:25:54,1988-09-13 13:33:01,False,2017-09-09 00:24:35,1990-04-12 05:44:56
8031,Et aspernatur repellendus error voluptas perferendis laborum incidunt.,Blanditiis nostrum est neque quod. Cumque alias ipsa corporis commodi quibusdam maxime. Illo asperiores fugit in doloribus. Ad necessitatibus deserunt incidunt.,190,2002-11-21 15:47:01,2017-02-27 18:24:35,True,1999-10-02 08:05:01,1981-11-22 02:48:18
3994,Rem incidunt ratione odio error repellat ab.,"Consequatur illum laudantium eaque veniam rem. Doloremque sed illum maiores. Est recusandae incidunt consequatur non.
Itaque recusandae eaque. Neque fugiat vel ipsam dolor.
Nobis asperiores vero amet velit consectetur ab delectus.",283,1990-08-15 09:45:03,1981-01-11 07:19:54,True,2023-02-25 05:27:03,2001-07-07 06:22:44
1296,Voluptatibus excepturi eveniet blanditiis.,Laboriosam recusandae dolore repellat. Autem minus placeat nobis dolorem. Nostrum modi impedit repellendus.,365,2013-09-29 12:14:50,2002-06-14 10:05:49,True,2024-06-05 08:37:25,1984-09-15 21:51:07
1242,Quibusdam sed expedita rem.,"Hic dolor quis. Quo corrupti doloribus neque tempore. Ullam similique minus veniam inventore vitae.
Veniam excepturi magnam impedit pariatur eveniet dolor. Sed dolorum sed voluptatibus. Officiis voluptatibus esse consequatur necessitatibus alias modi.",862,2020-03-03 19:32:15,2024-04-29 23:08:05,False,1988-04-18 06:13:12,1984-10-27 23:01:59
8428,Eveniet quibusdam quia velit perferendis repellat consequatur.,"Excepturi voluptatibus dolorem. Unde deserunt neque facilis debitis ipsa soluta.
Illum consequatur quis pariatur temporibus. Reprehenderit asperiores nemo accusamus vero esse id. Nostrum doloremque ipsam animi.",511,1991-05-12 06:54:23,1978-01-07 17:32:44,False,2011-09-03 09:43:34,2016-01-10 13:53:23
7589,Ipsa numquam quaerat deserunt est cupiditate blanditiis.,"Deleniti commodi cumque nobis sunt at cum. Qui repudiandae deserunt dolorem. Officiis in amet tempore ut. Dolorem sunt quaerat reprehenderit aliquam voluptate.
Molestiae modi quasi. Optio tempore qui deserunt.",166,1996-03-13 18:00:32,1995-11-07 01:45:20,True,1974-12-27 15:53:29,2005-06-01 07:35:58
9453,Harum possimus repudiandae praesentium laboriosam id cupiditate.,"Exercitationem distinctio aliquid vero minima illo. Totam iusto ipsum omnis nam magnam esse.
Odio dolores hic nesciunt quos. Animi nesciunt natus exercitationem. Rem aspernatur illo nulla pariatur doloremque commodi.
Dolore officia assumenda deleniti.",62,1970-01-17 10:38:52,1985-03-07 06:16:23,True,2016-07-31 05:31:25,1993-07-20 12:14:47
2841,In in nisi molestiae quasi accusamus.,"Voluptate iure quaerat. Minima autem eum vel reiciendis consequuntur vero.
Qui error sint tempora pariatur vero.
Quia voluptatem nisi eos iste. Fugit quae nemo. Aspernatur possimus ex.",355,1981-12-30 14:17:21,2010-10-19 08:36:52,True,1999-07-19 02:27:12,2003-01-13 07:49:08
5000,Quidem quidem enim molestiae animi voluptatibus.,"Quos nihil ipsum est necessitatibus cum. Ad quod illum. Hic corporis impedit quos.
Quaerat odio officia assumenda molestias iste voluptates tempore. Voluptatem exercitationem dolor aliquid optio reprehenderit culpa.",353,1989-07-31 19:01:06,1980-01-09 16:16:38,True,1990-10-07 09:18:44,1994-07-06 15:40:26
7263,Molestiae minima quasi necessitatibus reiciendis.,"Atque dicta laudantium adipisci iusto. In ratione commodi fugiat.
Magni quo cupiditate eum id veritatis enim laudantium. Ab velit ex reprehenderit enim unde sequi.",51,1973-01-10 03:16:16,1988-05-21 18:18:15,False,1990-03-18 16:27:55,1979-07-11 08:30:32
6173,Reprehenderit explicabo laudantium aut error omnis tenetur.,"Unde iusto mollitia ipsam nesciunt.
Ea ipsa est molestias. Occaecati dicta accusantium amet dolorem autem dicta. Accusantium eum nulla quidem harum adipisci.
Deserunt nesciunt labore tempore dolorum itaque ab. Quam error ratione consequuntur iusto.",667,2002-03-10 17:55:54,1996-06-23 12:25:46,False,1970-02-25 03:57:24,2016-07-17 10:27:08
3915,Doloribus sequi adipisci maiores.,"Veniam ab expedita. Labore neque voluptate beatae blanditiis molestiae id.
Velit totam veritatis repellat voluptas repellat autem.
Quos suscipit enim minima omnis libero. Quam expedita architecto eaque. Consectetur recusandae saepe officiis.",850,1986-05-05 11:14:52,2009-01-06 18:48:07,True,1978-07-28 16:45:57,1986-03-29 17:04:23
838,Nostrum tenetur delectus placeat.,Praesentium similique dolore non reprehenderit eum. Asperiores vero amet sint. Perferendis porro praesentium perspiciatis corporis sequi reprehenderit.,683,1985-12-29 05:33:46,2007-05-08 08:24:28,False,2021-06-20 12:15:56,1994-05-08 20:23:44
3558,Repellat dignissimos dolorem placeat ut ullam atque placeat.,"Id quos porro nostrum illo quam. Laboriosam dolorem corrupti ex dicta.
Quidem odit debitis culpa. Facilis tempora ut similique ipsum deleniti alias saepe. Sunt dolores quasi eos.
Quisquam numquam odio omnis nobis. Doloribus eius delectus molestiae.",514,2022-11-10 01:13:47,2020-08-27 16:02:38,False,2022-10-18 20:07:51,2021-09-06 08:42:08
8228,Quis voluptates nihil recusandae tempore nostrum ut.,"Expedita pariatur suscipit. Ipsam repudiandae laudantium assumenda.
Veniam repellendus architecto voluptatibus repudiandae porro. Id officiis quisquam soluta dignissimos corporis illo dolorem.",256,1975-06-24 17:30:53,1978-02-14 13:21:49,True,1977-01-02 20:09:54,1983-05-30 09:36:58
9513,Maiores fugit fugit corporis velit.,"Eius laudantium et. Nesciunt qui eius aut repellat numquam ratione. Dolorum natus incidunt eum ipsam.
Aliquam ut reprehenderit maxime iusto. Dolore quasi distinctio molestias qui. Distinctio eius temporibus voluptatem ut.",283,2021-07-11 03:42:38,1977-02-02 00:03:35,False,1996-08-08 05:55:45,2010-02-23 14:42:35
5384,Velit suscipit veritatis voluptatem doloribus quam est.,"Tempore vitae neque. Maiores beatae voluptas vero vel vero magni sed. Magnam modi minus ex tempora aliquid.
Assumenda maxime repellendus doloribus distinctio ex tenetur. Nisi itaque illo maiores quos dolorem.",434,1994-04-17 15:12:41,1974-05-03 05:48:56,True,2024-03-26 09:38:34,1978-06-11 03:47:57
3530,Reprehenderit ratione illo quaerat sint hic.,"Ipsum impedit neque numquam fuga tenetur voluptatem. Eligendi aliquid sint ratione omnis.
Iste voluptates iste accusamus quis sed. Sequi sed qui exercitationem inventore nostrum. Accusamus neque sed eveniet fuga placeat.",764,1991-04-23 04:48:44,1989-10-13 08:56:07,False,1979-06-13 05:03:52,2023-12-12 12:49:52
853,Debitis aperiam temporibus officiis numquam deserunt qui quibusdam.,"Sed est dignissimos beatae ad nesciunt harum. Maiores placeat ullam quo. Natus animi eligendi veritatis in ratione optio tempora.
Natus quidem ducimus molestias error quos. Incidunt praesentium aut fugiat velit quasi. Ut optio ratione.",992,2014-01-03 12:23:53,2017-06-15 11:28:32,False,1986-03-08 20:15:19,1970-11-10 16:20:56
7447,Magnam repellendus ipsam modi cum provident esse.,"Ipsum itaque distinctio error. Fugiat architecto dolorum repellendus laudantium. Officiis nihil laudantium facilis.
Qui libero dolor earum asperiores beatae. Ducimus nisi voluptate vel.",423,1980-07-08 00:00:36,1977-02-17 11:05:11,True,2013-06-07 06:06:49,1999-07-12 18:00:12
8387,Iste ratione enim cumque cupiditate blanditiis est.,"Dicta cupiditate atque eveniet earum. Maxime consectetur nulla tenetur sed. Cupiditate quibusdam numquam deleniti.
Sed soluta molestias sunt. Nobis voluptas in dolor rerum ipsum. Id sequi eaque consequatur.",767,2011-09-25 08:29:23,1988-07-04 05:15:15,True,1991-11-11 17:03:43,2016-04-23 05:51:32
7658,Necessitatibus cupiditate hic modi exercitationem nesciunt.,"Quam unde doloribus accusamus. Facilis sunt totam laborum.
Recusandae rerum repudiandae reprehenderit totam in. Sunt facilis numquam eos.
Id quo est nobis. Iste commodi dolores praesentium.
Doloribus optio accusantium at ipsum excepturi. Vel nostrum id.",412,2017-12-03 22:43:59,1970-07-22 11:08:30,True,2014-09-02 23:06:06,1973-07-20 05:54:04
2958,Cumque aspernatur culpa quod.,"Laudantium hic impedit corrupti.
Molestiae dolorem aspernatur eligendi suscipit repellendus cumque. Officiis animi iusto.
Totam deserunt vel sit vitae qui. Ea modi similique in nisi. Temporibus optio quo voluptate.",600,1993-06-14 09:28:23,1982-07-11 22:30:05,False,1992-12-21 12:17:03,2008-04-08 21:11:43
8062,Minima saepe fugiat saepe quibusdam omnis.,"Voluptatibus nihil labore quos animi eius delectus. Corrupti rerum aperiam molestiae nisi.
Sit enim dolores iste consectetur harum cum laudantium. Dolorum exercitationem voluptatibus.",142,2002-02-19 16:58:06,1995-03-12 14:55:25,False,2004-05-06 06:11:34,2003-07-31 13:27:07
5742,Nisi quisquam itaque magni.,"Fuga nemo repellendus non qui. Dolorem eveniet at rerum.
Doloribus corrupti tenetur voluptas eveniet eaque sequi optio. Ad assumenda sint repellendus.",848,1986-07-20 09:58:36,1986-06-28 16:24:58,False,2023-01-30 02:55:45,1995-03-23 23:46:57
8881,Vero corrupti ducimus necessitatibus impedit.,"Temporibus earum incidunt quisquam. Expedita est iusto inventore. Sunt cupiditate quaerat dicta magnam.
Libero numquam temporibus et minima. Molestiae id soluta. Sunt illo dolores incidunt unde.",169,1988-12-24 09:18:18,2006-10-12 12:23:29,True,1986-01-20 16:19:34,2020-02-20 21:08:02
6349,Necessitatibus voluptatem omnis.,"Dolores omnis blanditiis perferendis ipsam.
Harum aliquam perferendis officia at voluptatibus tempora. Veniam amet sed debitis possimus neque. Totam aut maxime iusto molestiae.
Est occaecati ab nihil nam sint. Ipsam tempore veniam.",986,2022-09-19 01:05:58,1997-06-11 11:43:52,False,1994-12-04 04:41:56,1973-08-17 09:05:03
916,Est praesentium dolorum dolores aliquid error mollitia.,"Quos deserunt illo minus quaerat unde velit. Magnam delectus illo. Explicabo odio cupiditate incidunt dolores officiis laudantium provident.
Ipsa doloribus dolor. Possimus optio officia porro minima. Unde facere id facere provident.",422,1987-08-05 05:05:38,1978-02-17 17:01:40,False,1991-04-15 17:30:07,2005-11-29 14:43:21
1568,Vel magni aut nam omnis alias.,"Debitis officia totam eos quam labore. Laborum impedit quisquam.
Libero recusandae placeat est consequatur magnam dicta ipsum. Atque aliquid dolorem in.
Quibusdam officia non error minima. Recusandae sunt officia illo iste mollitia.",909,1981-02-01 12:55:54,2009-04-20 17:42:15,False,1980-08-26 21:08:08,1981-07-30 17:40:37
2483,Excepturi explicabo illum doloribus delectus perferendis alias vitae.,"Iste quos sint. Nihil nobis perferendis officia dolores. Nemo voluptates natus ex maxime.
Eos ipsam dolore molestias eius. Veniam illum odit totam earum.",795,1994-03-08 06:35:31,1980-09-25 22:41:14,True,2006-03-08 03:53:10,1997-08-21 11:44:14
6186,Atque delectus quibusdam praesentium dolores vero at.,Architecto laudantium mollitia dicta voluptatibus. Vero autem eveniet debitis consequuntur similique illum. Nihil itaque voluptatem soluta nihil ullam.,795,1985-06-28 21:17:27,2003-07-03 13:09:51,False,1986-02-24 11:30:55,1996-06-17 02:21:36
400,Accusamus tempora ad nostrum consequuntur.,"Consectetur eius corporis fugiat atque veniam quas. Vitae quisquam dolores.
Doloremque aperiam laboriosam iste aperiam magni. Doloribus voluptatem tenetur quas quibusdam ad velit. Rem optio iste numquam itaque magnam.",62,1982-05-31 05:41:21,2013-01-11 11:20:50,True,2023-12-10 07:51:04,2024-02-28 18:32:41
3179,Omnis commodi ab amet.,"Labore odio sunt quasi. Nemo veniam earum officiis corrupti saepe tenetur. Totam totam aliquid aliquam quo commodi ipsum ab.
Cum officiis nulla eaque. Voluptatibus in ipsam quasi voluptas.",921,2012-10-28 01:20:13,2023-09-21 04:05:56,True,1976-09-14 15:33:39,2019-10-30 07:17:47
7794,Esse deleniti corporis quis sunt consequuntur.,"Atque blanditiis soluta provident rem ducimus adipisci doloremque. Non fuga qui dolor doloribus. Modi error fuga nisi quis laudantium repellendus maxime.
Laborum repudiandae ipsum pariatur quaerat harum. Amet officia iure sint quasi.",543,2022-03-18 06:05:14,1984-10-11 16:35:57,True,1982-06-01 13:27:16,1991-12-26 06:33:50
5514,Dignissimos tenetur eveniet magni assumenda.,"Odit quasi repudiandae. Repudiandae repudiandae maiores quisquam debitis reprehenderit libero. Doloremque accusantium veritatis omnis vero accusamus suscipit.
In vero molestias veniam. Error corrupti maiores aspernatur eum ea soluta.",132,1973-09-25 10:36:52,2007-06-13 04:23:22,False,2014-10-18 10:31:06,1970-12-24 06:09:04
791,Occaecati tenetur expedita officiis eaque corrupti expedita aliquam.,"Nisi dolore excepturi recusandae adipisci quibusdam maiores. Odit quod odit optio distinctio numquam.
Ad dolores ipsum harum molestias voluptatibus. Vero maiores eum voluptate ullam.",572,1972-01-26 01:38:52,1983-12-08 04:34:27,True,2013-08-14 23:53:19,1983-01-10 05:27:09
8210,Voluptate quasi sed soluta illum officiis.,"Est quo consequatur placeat voluptates voluptas. Animi libero laboriosam culpa. Molestias temporibus cum iste adipisci quaerat sequi.
Expedita reprehenderit adipisci fuga iste consectetur enim. Necessitatibus omnis quisquam ipsa necessitatibus cum.",100,2007-02-18 04:10:57,2019-05-07 00:43:37,False,2004-08-06 22:46:34,2004-02-26 16:00:27
6663,Maxime quia quidem mollitia magni porro fugiat.,"Doloribus itaque corrupti iusto ducimus exercitationem quos. Libero suscipit tempora nam cumque. Corporis illum placeat officiis.
Recusandae quaerat ullam dolores error itaque rerum. Accusamus unde ex odio dicta ad. Nulla consequatur deserunt sint.",355,1991-04-15 18:02:57,1971-10-13 18:59:32,True,2004-11-21 14:59:18,1974-03-23 21:11:54
4377,Nobis commodi sapiente rem.,Quia eos nostrum laborum accusantium vel mollitia. Rem maiores nulla incidunt atque. Non cum magni ducimus voluptatem illum.,306,1997-07-05 18:19:12,1993-05-28 17:17:42,False,2009-03-30 07:33:43,2005-11-12 23:09:07
9125,Voluptatem repellendus quibusdam.,"Corrupti minus vitae officia. Fugiat ducimus labore nihil quaerat nobis ad.
Quos aliquid expedita. Necessitatibus sit itaque soluta ex libero. Culpa commodi laboriosam ad mollitia nam. Animi facere labore porro eligendi laborum.",523,1989-09-27 07:24:26,1998-02-23 10:07:45,True,2013-06-25 12:25:14,1974-08-29 07:03:38
519,Sunt cum tempora ab quam labore nobis.,"Iusto sapiente occaecati cupiditate. Neque corporis rem quibusdam ipsam quaerat quaerat.
Enim placeat provident commodi vero ab.
Autem debitis doloremque recusandae. Ducimus minima consequatur.",74,1988-02-05 05:12:49,1974-03-27 22:51:32,True,2019-09-27 02:42:58,2001-02-09 16:59:20
6155,Ipsa est reiciendis est mollitia sunt.,"Perspiciatis nisi nisi ipsa ipsa. Alias voluptatum esse minus. Laborum est explicabo architecto.
Incidunt porro animi laboriosam quam ducimus. Cupiditate esse nisi eius assumenda maiores dolorum.",74,2024-02-15 17:18:21,1999-07-20 08:40:35,True,1977-12-29 15:12:37,1979-09-15 10:28:19
4545,Asperiores consectetur placeat reprehenderit veritatis laudantium totam.,"Commodi voluptatibus nisi corrupti quaerat. Aliquid in illum reprehenderit magni occaecati corporis. Ad quasi fugit ipsam quos dolores sed.
Cum enim vel quae asperiores. Veritatis laudantium officia. Minima doloremque ducimus aperiam.",81,2013-12-05 12:05:11,2000-11-17 01:08:03,False,1996-12-25 10:39:41,2022-10-26 11:35:28
3254,Cupiditate est debitis suscipit nam quis.,Sunt molestiae labore harum ad. Maxime nulla ullam aspernatur maxime voluptatum aut natus. Nihil perferendis inventore consequuntur amet aliquam cupiditate porro.,275,1984-12-13 21:53:10,2015-05-13 12:37:24,True,2006-05-04 02:44:25,1998-04-27 02:50:04
6715,Eius atque saepe esse.,Suscipit id sed pariatur quibusdam expedita voluptates. Facilis dolore laudantium nam tenetur. Repudiandae id alias amet nemo reiciendis excepturi doloremque.,807,2004-05-15 12:38:33,1978-03-22 21:57:44,True,1986-01-23 13:47:25,2003-12-29 06:16:01
4175,Inventore culpa earum unde vitae sequi.,"Error id totam sapiente dolores. Vero ducimus corrupti.
Voluptatum perferendis officiis similique est quia. Non ab mollitia a nesciunt numquam sapiente. Dolores beatae beatae.",110,1994-03-07 06:40:22,1983-07-11 13:08:02,False,1997-04-14 09:38:20,1984-10-03 02:39:31
9506,Aperiam itaque nisi numquam.,Quidem ipsum repellat consequuntur atque. Magnam recusandae voluptas dicta officia doloremque molestiae. Nihil maxime in ipsum fugit iste inventore.,278,2023-10-11 19:27:24,1974-02-12 20:22:13,True,1971-07-10 08:02:11,1988-07-08 07:40:45
7279,Quod illum incidunt optio occaecati.,Ducimus ex sunt aliquam vitae veniam. Labore facilis numquam.,793,1988-11-10 06:25:24,2004-06-12 08:33:28,True,2011-07-14 18:42:25,2022-08-10 11:58:21
1936,Quasi voluptas dolorum sunt.,"Non pariatur dolorum facere neque aliquid natus. Labore culpa nesciunt illum tempora hic.
Beatae fugiat exercitationem. Repellat laborum fugit aperiam cum ipsum a.
Nulla alias quae expedita.",821,1970-01-16 20:38:54,2021-05-12 16:41:27,True,1979-09-07 18:02:27,1997-12-29 05:29:14
3334,Maxime maiores harum hic aspernatur repudiandae voluptatem.,"Mollitia doloribus est nisi. Voluptatibus sunt dignissimos debitis ipsam voluptatum occaecati.
Maxime alias odio.
Doloribus quidem tempora quos aut. Officia in vel commodi. Dolores hic quam doloribus pariatur tempora.",881,1993-08-25 08:27:32,1994-10-04 19:18:05,True,1974-01-10 23:51:35,2013-11-29 13:22:42
8807,Voluptatum commodi ad.,Quisquam adipisci vitae deleniti quas ea praesentium. Ab facere repellat praesentium. Impedit unde quis repellendus voluptates sequi expedita.,164,2016-05-15 15:55:59,1987-11-12 18:36:58,False,1993-02-17 06:33:39,2011-12-15 05:33:20
55,Numquam aliquid nisi temporibus ea.,"Incidunt fugit voluptates veritatis corrupti sit porro. Soluta doloribus est dicta aut hic. Ad illum ex soluta deleniti. Ipsum officiis vel doloribus architecto.
Tenetur harum quasi soluta. Totam eos quos eaque.",829,1989-06-25 11:08:12,2001-09-16 00:56:42,True,1990-12-01 00:40:00,2022-12-07 11:06:57
2596,Aspernatur magnam possimus cumque nihil maxime quia eos.,Cupiditate officia nobis aliquid laudantium est iste. Ad in nobis possimus dignissimos quisquam. Architecto accusantium quas molestias nam neque deserunt. Similique dicta accusamus reprehenderit laboriosam.,78,1984-04-02 19:51:33,1993-09-04 10:54:55,False,1994-04-30 19:28:32,2003-12-29 15:37:28
9488,Cumque officia quam laboriosam animi esse quis.,"Alias fugiat ut officiis ex. Corporis sunt eveniet quas dolorem totam. Laboriosam molestias vero accusamus similique nam ad.
Aperiam dignissimos maiores sunt. Iusto illo delectus nobis itaque sint.",234,1984-10-04 06:47:16,2019-10-16 10:15:41,True,2000-11-16 16:49:46,1994-01-30 18:41:58
1042,Explicabo recusandae pariatur odit.,"Fugiat est possimus veniam. Alias quas error amet.
Occaecati temporibus cum non placeat molestias deleniti suscipit. Ab dolorem odit earum. Pariatur quas voluptatum nihil minus odio.",575,2021-10-13 04:57:02,2012-07-21 17:27:47,True,1972-11-21 08:38:33,2012-04-11 09:14:30
8377,Fugiat exercitationem tenetur dolorum modi autem optio.,"Fugit ducimus eveniet odit magni perferendis. Aliquam magni distinctio exercitationem. Adipisci consequatur commodi amet aliquid porro.
Dignissimos consequatur fuga veniam ut. Soluta tenetur cumque maxime neque.",147,1980-12-24 21:53:32,1998-09-18 02:47:20,False,1988-09-04 07:34:08,2007-08-17 04:12:45
818,Deleniti provident placeat animi nulla numquam ipsa.,Rerum quidem dignissimos inventore nesciunt optio magnam. Aut iste distinctio alias incidunt harum numquam.,560,1986-06-16 00:05:36,2021-12-22 21:06:56,False,1994-03-10 02:36:22,2002-06-08 12:37:41
3140,Asperiores consectetur quo architecto repellat quis.,"Excepturi harum fuga recusandae voluptas. Quo laudantium mollitia dolore rem dignissimos laboriosam.
Recusandae sint sint voluptatibus molestiae voluptatum. Soluta aliquid vero odit repellat laboriosam tempora numquam.",146,2016-10-31 07:30:05,1991-09-05 19:02:16,False,2021-06-20 08:09:50,1980-01-09 06:01:52
2075,Iure suscipit reiciendis nam laborum sapiente.,"Corrupti in harum. Occaecati repellendus nisi asperiores.
Consectetur officia quaerat delectus. Dignissimos esse temporibus perferendis. Quo veniam quibusdam nostrum.
Minima consectetur repellat aperiam.",39,1988-10-03 07:53:15,2010-05-17 14:08:41,False,1972-03-24 08:03:07,1981-10-28 15:22:03
3440,Totam incidunt quia totam.,"Voluptatibus officia quidem modi enim optio similique. Sint explicabo cum nostrum doloribus odio.
Iusto odio labore vel iure. Quas voluptates reiciendis numquam. Ipsam aliquam possimus quos. Molestiae mollitia amet nemo eum voluptates at.",355,1972-04-10 19:45:38,2023-06-04 12:58:42,False,1983-05-27 03:12:44,1978-01-22 08:35:29
2489,Earum inventore recusandae perferendis doloremque aperiam veritatis.,"Perspiciatis recusandae ullam placeat accusantium ratione at sapiente. Consectetur vel pariatur quod.
Nemo veritatis cumque natus eaque sint. Pariatur corrupti culpa rerum.",593,1977-11-26 02:02:13,1992-11-20 21:20:08,False,2001-06-04 10:13:10,1981-09-13 09:54:26
7612,Officiis deleniti aspernatur veritatis incidunt.,"Veritatis dolor vitae sequi nihil doloremque. Magni provident dignissimos illo ipsam porro. Dolores corrupti ex amet laborum dolore tempora.
Natus maxime reiciendis debitis vel accusamus. Beatae ad soluta quisquam blanditiis.",585,1987-01-12 22:33:16,1997-09-03 13:01:21,False,2007-02-03 07:02:45,1981-01-16 13:10:36
351,Esse necessitatibus facilis.,"Non illum quis ad. Autem voluptas aut.
Modi repellendus fugiat vitae totam commodi. Accusantium quo dolore ut sapiente fugiat quo deleniti. Impedit cumque hic laboriosam et.",8,2014-01-30 00:58:53,2012-02-13 02:02:53,True,2013-12-06 01:55:37,2021-04-21 22:07:00
1078,Quo iste provident pariatur quasi.,"Sit aliquam perspiciatis velit. Consequatur adipisci assumenda beatae nesciunt hic. Impedit modi omnis.
Hic ducimus hic explicabo corporis nisi. In voluptas fugit atque eaque dignissimos. Corporis qui iure laborum aperiam consequatur consectetur.",967,2015-07-15 06:15:39,2015-01-04 04:56:27,False,1980-05-18 04:43:41,1977-12-20 00:29:48
3903,Repudiandae quibusdam voluptatum repudiandae.,"Quaerat debitis ut aliquam nam. Assumenda veritatis nam officiis blanditiis.
Fuga possimus ipsa ex dignissimos vero rerum. Deserunt quo asperiores laborum occaecati voluptatum illo odio.
Tempora error quis assumenda vel autem.",553,2005-02-19 12:53:30,2020-03-11 09:02:36,True,2020-03-12 06:53:19,2002-07-01 07:50:59
9373,Dolor corporis unde id.,Deleniti odio aperiam maiores ullam asperiores. Voluptate sint perferendis deserunt. Mollitia consectetur dolor sed dolorem commodi. Necessitatibus atque ut esse quibusdam.,918,1996-06-01 21:18:58,2001-11-23 02:09:53,False,1997-11-21 14:58:43,1978-07-30 06:30:10
2973,Vero dicta hic ipsa illum suscipit.,"Perferendis corrupti autem neque nesciunt. Non enim asperiores ut ex officiis. Error nesciunt accusamus a.
Ipsa quae sunt occaecati vitae quasi sequi. Deserunt odit recusandae at ducimus quod.
Aliquid nam deleniti harum tempore pariatur cupiditate.",655,2016-02-23 23:20:42,2020-04-23 21:21:45,True,1976-05-23 12:12:06,2020-05-21 03:39:54
2714,Animi at esse maiores eveniet cupiditate quo.,"Deleniti dolorem ad labore nostrum earum.
Distinctio reprehenderit soluta reprehenderit. Sed itaque praesentium quos vitae pariatur.
Sequi fuga temporibus quas dolor alias. Nobis atque cumque deserunt sed.
Repellendus sapiente odio autem.",796,1994-02-02 02:17:25,1995-10-20 10:00:38,False,1995-11-30 15:36:19,1984-12-28 23:11:01
795,Nulla libero harum eum.,"Quam accusamus eveniet neque eaque nemo saepe.
Earum maiores quidem animi. Quaerat exercitationem ut quam.
Magni molestias numquam. Architecto exercitationem similique consequuntur explicabo exercitationem et.",438,2000-01-27 19:27:09,1977-03-30 20:06:49,True,1982-03-22 10:23:27,1987-06-06 00:37:14
4779,Dolores consequatur veniam iure rerum.,"Eum id quis iusto reprehenderit et. Nesciunt nisi omnis cum similique. Corrupti laborum totam adipisci.
Cupiditate ea minus maxime repudiandae explicabo vel. Incidunt iure perspiciatis tempora inventore.",780,1976-05-24 02:44:09,2008-02-06 23:04:18,False,2010-10-20 14:08:12,2017-02-23 19:20:05
9829,Nesciunt cumque voluptatibus sunt pariatur ad.,"Eaque magni magni quam illum. Aut est omnis distinctio. Inventore facilis deleniti asperiores minus. Laborum accusantium eaque nemo saepe.
Consequatur voluptatem numquam id ut ab libero.",230,1992-12-12 03:17:58,2002-03-31 16:25:31,False,1992-03-04 23:07:24,1992-04-12 00:52:52
4402,Vel officia quis praesentium.,"Soluta quisquam nam eligendi corporis esse non praesentium. Culpa modi ea vero quia.
Commodi soluta aliquam et unde molestiae. Ipsam delectus nam alias expedita. Nobis illo unde nihil quo.",540,2022-10-18 11:52:03,1981-06-01 02:08:25,False,1981-04-04 20:09:01,1998-03-23 03:46:49
7363,Quibusdam mollitia praesentium magnam.,"Distinctio ut incidunt eveniet facere. Explicabo veniam autem fugit. Laboriosam a quas.
Voluptates dicta enim exercitationem. Eveniet eligendi commodi eveniet.",916,1989-10-21 05:08:04,2020-10-19 02:39:31,False,2000-08-31 16:35:47,2023-02-28 11:35:13
