id,title_content,description,created_at,updated_at
5800,Numquam vel libero inventore perspiciatis sed.,Incidunt asperiores eos sit magni illum quasi. Eaque facere corrupti dolore ab.,2006-07-21 07:15:31,1999-08-03 09:55:56
3506,Itaque ratione neque laboriosam quaerat.,Occaecati ex dignissimos illo veritatis itaque consequuntur eum. Natus cumque facilis beatae. Praesentium repudiandae a dolorem architecto dolorum alias.,1979-12-13 13:40:04,2001-10-21 01:07:16
4729,Fuga laudantium vero laborum tempore sapiente.,"Ea exercitationem ad.
Similique similique hic eveniet ea expedita suscipit commodi. Excepturi nesciunt fuga.
Sunt ipsum praesentium ab commodi quibusdam. Fugit animi nobis cupiditate reprehenderit.",1974-12-22 19:36:24,2008-01-15 21:05:06
1257,Veniam quibusdam mollitia explicabo.,Corrupti culpa velit. Quo velit optio minus iure architecto aperiam. Consequuntur eos repellat itaque quaerat id.,1978-09-05 19:07:06,2017-04-10 06:59:40
7924,Fugiat excepturi quisquam nulla vel esse mollitia voluptatum.,"Quod asperiores quos a autem inventore. Similique soluta animi maxime.
Vitae molestiae hic cum modi. Iure reprehenderit molestiae molestias labore. Quasi deleniti fuga nostrum accusantium.",2001-10-21 12:12:21,2012-10-23 08:21:54
1254,Consectetur ipsum debitis necessitatibus nesciunt.,"Rem dignissimos aspernatur fuga. In earum laborum in.
Vel perspiciatis soluta ipsa eius nisi excepturi. Ex eum soluta voluptates molestiae nam sit.",2006-02-04 18:23:39,1983-05-02 08:07:27
1886,Vitae exercitationem quasi voluptatum sint.,Non voluptas voluptatibus explicabo voluptate quam. Necessitatibus inventore impedit esse laboriosam. Reprehenderit quisquam corporis quidem ullam praesentium dolor numquam.,2021-02-06 00:20:17,2020-02-09 05:48:11
3257,Quam consectetur aperiam non.,"Molestias occaecati temporibus laudantium unde minima aliquid. Dolor occaecati deserunt aspernatur mollitia itaque.
Consequuntur culpa in deleniti.",1976-09-20 15:19:54,2003-06-25 14:27:00
3675,Magni quia ipsam animi maiores.,"Tempore debitis voluptatum qui tempora. Possimus aliquid error corporis. Quam eius repellat itaque.
Autem laudantium nam sint hic provident sit. Maxime mollitia tempore tenetur quia.",2018-01-25 00:17:47,2002-03-07 00:40:29
5905,Doloremque ea quam repellat dolorem saepe aut unde.,Ab ad repellat sapiente veritatis modi qui sapiente. Minus sint accusantium.,1997-12-29 07:19:15,2013-08-29 12:23:53
8983,Odit libero sit consequatur minima quas natus.,Enim placeat modi. Nesciunt quaerat sequi deleniti modi neque.,2003-09-18 21:30:25,2020-04-18 17:44:49
340,Aut unde hic eaque perspiciatis velit.,"Exercitationem sapiente dolorum perspiciatis. Perferendis officia atque velit aspernatur ipsum. Earum eaque magnam libero laboriosam aliquam laudantium est.
Soluta itaque quidem accusamus in.",2011-10-08 12:35:36,1995-05-28 14:40:40
9712,Dolore ipsam eligendi tenetur facilis.,Similique mollitia officia adipisci voluptatem delectus. Quis dignissimos non ex harum eos. Dignissimos ab nostrum nostrum officia. Magnam quia incidunt dignissimos.,1990-12-21 09:32:33,1981-10-25 04:24:56
5657,Sint cum adipisci natus.,Voluptas quae perspiciatis similique nisi expedita reprehenderit aperiam. Tempore voluptas quasi fugiat quaerat possimus. Earum voluptatum atque iusto hic.,2009-09-12 07:34:08,2019-12-16 17:09:30
5721,Reprehenderit sapiente aliquam amet.,"Possimus facere quas. Eos iure aliquid deleniti. Odit incidunt accusamus consequuntur repellat fuga laborum inventore. Consectetur sunt ipsam ut consectetur quam.
Dolores quia fugit ducimus.",2008-12-09 19:08:34,2003-12-15 16:32:25
5010,Doloribus necessitatibus dolorum veritatis ea.,Sunt explicabo ad unde occaecati numquam. Itaque minus ut necessitatibus accusantium quae aperiam.,2003-12-03 10:41:53,1998-05-12 23:15:44
5006,In vitae ducimus quo hic voluptatibus voluptates perspiciatis.,"Sunt unde voluptate unde quis assumenda. Nostrum possimus ut.
Esse libero possimus eius sint quo. Corporis alias quidem ullam pariatur. Repellendus aut labore eius fugiat sed explicabo.",2006-07-16 19:48:25,1983-11-18 02:58:16
6047,Voluptas totam soluta dolorum ipsam.,"Molestiae odio numquam sint suscipit. Amet incidunt tempore. Alias animi eum magni nihil aliquam totam.
Excepturi alias modi occaecati magni. Libero sint laborum.",1994-12-24 16:09:14,1977-06-05 08:34:30
5830,Amet nobis aut fugiat.,"Voluptatum velit consequatur vitae impedit aliquam. Minus excepturi nulla nostrum dolore nisi architecto.
Magni tempore natus quae similique delectus. Doloribus harum dolor distinctio.",2016-10-18 16:44:09,2004-10-05 04:39:30
6766,Nam esse fuga illum.,Libero cupiditate tenetur perferendis totam. Unde dolorum perspiciatis. In accusantium impedit odio mollitia aliquam.,2023-03-08 15:44:57,2011-05-11 20:41:48
2842,Corrupti dolorum repellat.,"Est quod sint omnis necessitatibus commodi quis. Delectus vero dolorem non facere quisquam. Quas debitis porro facere.
Dolor ex animi aliquid ullam quis corporis dignissimos. Maxime ipsum sit ullam.",2018-04-26 05:31:48,2014-09-07 16:33:53
1657,Minima accusamus commodi blanditiis illo voluptatum.,Magnam porro accusamus consectetur aperiam dolorum cupiditate. Vel a fugiat veritatis iste quia. Laborum placeat ipsam nobis sapiente.,2018-10-23 12:19:03,2019-10-05 23:15:46
8334,Nostrum aperiam porro placeat fugiat.,"Est rem neque. Temporibus voluptatibus consequuntur. Possimus est doloremque amet.
Rerum quae temporibus eum corrupti nemo.",1973-05-23 02:18:59,2016-11-30 23:29:53
7310,Illum nihil molestias eveniet possimus itaque mollitia.,"Culpa temporibus praesentium officiis rem. Expedita eos exercitationem natus quisquam.
Error necessitatibus modi exercitationem dolorum atque. Nam esse perspiciatis optio commodi aliquid.",1982-11-13 12:35:12,2010-02-15 22:07:03
582,Possimus temporibus impedit eum est eos.,Quisquam pariatur excepturi inventore eos debitis et. Facilis autem accusantium odio a assumenda. Aliquam possimus autem delectus.,1973-05-01 08:46:14,2000-07-21 10:20:03
5294,Recusandae sit aut ratione natus aliquam.,Molestias officia explicabo nulla praesentium incidunt adipisci praesentium. Harum odio ea ex inventore. Eos exercitationem quaerat expedita amet sequi quam. Magnam eos nisi quia quae.,1975-07-20 02:28:30,2024-03-05 00:37:11
3063,Ut magni maiores necessitatibus placeat earum temporibus debitis.,Necessitatibus nostrum quia cumque praesentium nobis. Necessitatibus numquam alias exercitationem iste. Voluptate iure ipsam expedita assumenda.,2006-12-28 04:14:57,2012-02-21 23:09:31
7512,Perferendis dolorum provident totam maxime quidem unde ut.,Aspernatur deleniti minus excepturi minima. Temporibus excepturi praesentium ullam inventore esse fuga.,2010-05-06 22:33:38,1972-01-08 06:13:19
3677,Ea maxime ducimus.,"Unde dolore aut. Voluptatem officia dolores dolorum vitae. Amet adipisci nostrum molestias asperiores.
Eum beatae possimus error. Aut nulla cumque reiciendis nisi repudiandae. Alias quae ipsam eos.",2015-03-11 12:20:20,2012-04-20 22:41:02
3151,Cum quisquam consectetur sequi eum animi deserunt.,Ratione voluptatibus iure deserunt. Doloribus debitis delectus cum possimus facere. Nesciunt quisquam recusandae voluptatum molestiae.,1987-03-04 01:17:11,1971-12-01 15:38:58
8784,Soluta quia sequi repellendus voluptatem unde asperiores.,"Dolore perspiciatis harum quibusdam iste. Itaque beatae quidem dolor illo. Mollitia rerum magnam similique harum ea laudantium.
Eum id cumque. Iusto impedit deserunt explicabo inventore iste.",1998-07-12 02:34:30,1981-07-20 06:36:19
4669,Dolorem quidem aut incidunt.,"Cupiditate molestiae velit. Atque distinctio recusandae qui id tempore.
Doloremque accusantium ab.",1980-07-10 17:18:47,1971-02-05 21:18:34
9582,Impedit sint earum dicta facere libero.,Accusamus eos placeat expedita facilis vitae praesentium. Facilis commodi eveniet eos nam provident. Quo inventore rerum reprehenderit placeat repellat necessitatibus illo.,1990-12-13 23:53:12,1987-04-01 19:14:38
6269,Fugit expedita nesciunt aliquid dolor non nostrum.,"Qui accusantium vitae asperiores.
Voluptatem quas rem ipsam. Tempore non totam animi corrupti accusantium. Mollitia nihil consequatur deleniti deserunt voluptatibus eaque quae.",1991-06-01 21:37:47,1990-02-07 08:00:52
6663,Harum quaerat modi aut esse magnam reiciendis qui.,"Repellendus sapiente labore dolorem.
Quisquam omnis molestias excepturi. Ad qui nulla nisi occaecati voluptatum minus. Repudiandae accusamus quia tenetur ipsam.",2003-04-08 23:15:04,1984-11-26 18:03:54
6153,Velit distinctio quidem vero repellat nulla recusandae.,Laudantium a praesentium doloremque commodi nisi. Quam aut vel omnis cupiditate. Consequuntur odit dolorem eius qui at.,1998-05-17 02:49:44,1983-08-31 13:42:23
1016,Occaecati voluptatem odio non consequuntur.,Soluta delectus adipisci quod quia excepturi. Libero animi possimus nulla iure omnis optio. Dolorum ipsa incidunt nostrum neque.,2018-10-01 19:33:10,2023-12-27 06:52:52
7750,Inventore dolor corporis laudantium.,Quaerat nulla fugiat asperiores. Laborum blanditiis dolores.,2015-02-11 03:15:13,2000-10-18 07:39:56
5124,Ducimus sequi quam neque iure quae eius.,Reprehenderit non veritatis laudantium maxime quidem. Quis debitis facilis ipsam veritatis eligendi numquam. Vero veritatis consectetur.,2013-08-25 14:38:23,2009-03-15 03:24:50
8943,Mollitia aut magni.,"Sequi sed excepturi natus eaque eligendi veniam. Dolorem omnis praesentium quae mollitia explicabo alias.
Id suscipit veritatis dignissimos.",1975-05-23 08:33:21,2022-05-08 16:38:27
7897,Sequi quisquam sed iure cupiditate dolore quasi.,Qui dicta temporibus porro repellat soluta optio. Odit culpa laudantium recusandae neque accusantium tenetur in. Est unde officia porro.,2009-09-11 02:08:49,1976-05-12 09:30:48
4811,Debitis iste eaque modi aut deserunt nobis.,"Impedit architecto aut consequatur ducimus nihil. Cumque illo dolor nulla dolorum.
Similique sed laborum. Molestias voluptatibus aliquam vitae suscipit animi deleniti.",2015-06-25 01:01:07,2008-09-23 18:03:56
5288,Delectus impedit sunt nobis.,Voluptatum quaerat eum. Libero temporibus ab ipsum aspernatur.,2003-01-27 05:04:09,1995-01-23 12:43:43
498,Rem dicta similique repellat eaque nostrum.,"Quam mollitia at adipisci alias autem. Voluptates vitae consectetur cumque molestias. Magnam similique quae.
Sint ex accusamus iste porro omnis. Similique rerum non magnam.",1977-04-26 15:52:05,1986-04-30 20:51:28
5184,Fuga tempore pariatur dolor consequatur culpa a.,"Et maxime quidem quia expedita distinctio. Quo doloremque animi accusantium.
Quaerat vel sint doloribus ullam deserunt. Quibusdam quia ab.",1994-06-02 09:05:58,1970-04-01 17:16:32
1233,Libero magnam repellat vel.,"Magnam veritatis voluptas quas impedit temporibus tempora.
Corrupti quaerat soluta animi dolores. Nemo sed rerum facilis itaque quidem ducimus.",2023-03-08 23:33:39,1981-06-03 05:38:24
5038,Quisquam delectus perspiciatis mollitia necessitatibus.,Maiores corrupti assumenda excepturi natus ut. Maxime vel quidem omnis eveniet dicta atque. Non molestias optio doloremque necessitatibus.,2010-07-05 19:08:33,2016-10-28 07:56:15
5020,Consectetur aperiam similique commodi illo aliquam sed.,Doloribus at itaque. Aut illo voluptatum aspernatur hic sequi. Cumque dolorem temporibus nihil. Inventore quod iusto tempore fuga nisi animi.,1987-12-08 01:41:55,2016-04-02 12:35:38
2485,Minus reiciendis officiis neque inventore nulla.,"Nam deleniti explicabo expedita. Odit dolorem nisi nihil vitae ad magni.
Omnis repudiandae illo a eos sit. Eveniet quasi iste impedit quibusdam odit repudiandae. Corrupti accusamus dignissimos.",2018-07-16 07:08:54,2006-03-31 19:06:59
2402,Nobis eum enim ipsam nobis.,Eaque aperiam magnam quas aperiam suscipit ullam. Similique voluptate nostrum fugiat fuga.,2003-03-31 00:54:02,1989-06-10 14:18:50
7613,Debitis tempore voluptatibus.,Asperiores voluptate at quas perspiciatis ipsa voluptas.,1972-09-01 18:23:14,2019-01-19 13:57:36
5231,Alias ad inventore officia quos labore.,Laborum quam corporis fugiat aspernatur voluptas magni. Necessitatibus excepturi perferendis fuga ut accusantium omnis. Libero deleniti deleniti quidem doloribus eius facilis.,1974-06-10 16:32:04,1998-06-01 08:04:32
4165,Ea temporibus minima facere a.,"Velit aut quis eligendi itaque. Deleniti tempore ratione beatae ab sint alias.
Quos illum eveniet tenetur nam beatae.
Voluptatem quis est enim voluptatem.",1986-04-26 18:58:27,2002-07-15 17:06:50
5802,Repudiandae laudantium ratione autem vel nulla.,"Voluptates numquam beatae officia illum ad repellendus. Sed cumque labore reprehenderit asperiores quis. Sint sequi ipsum.
Eius et voluptate natus. Vel delectus fugiat.",2003-05-25 01:06:58,2021-03-21 03:26:18
8613,Ullam asperiores numquam molestias sint.,Eum accusamus expedita optio sapiente quaerat eveniet molestias. Voluptatem magni beatae qui earum.,1996-06-24 16:33:49,1992-10-03 12:42:23
6973,Officia illo corrupti enim.,"Iste laudantium nam. Soluta repellat error vero. Assumenda nulla explicabo similique quasi officiis praesentium.
Dolorum eaque sed recusandae. Nihil vel sunt impedit quasi.",1983-08-03 11:35:58,1990-06-14 01:12:42
3506,Assumenda fugiat vel tenetur culpa doloremque sunt minus.,Odio quaerat alias autem repellat iste sunt distinctio. Iure delectus tempore aliquid eius. Voluptas sit velit iusto odio atque autem.,2004-07-22 21:29:23,2004-09-05 17:43:21
1210,Occaecati autem odio voluptatibus voluptates.,Occaecati voluptates ipsa illum. Quia ipsum rem modi laudantium minima earum.,1993-08-01 04:51:53,1984-01-15 12:06:30
4247,Eum enim tempore in delectus laborum id.,Culpa odit accusantium. Aspernatur debitis accusamus aperiam minima harum tenetur.,1992-08-10 09:09:13,2018-04-04 04:09:29
3082,Repudiandae omnis accusamus iure sed maxime maxime.,Ipsum repellat enim sunt sint ipsa soluta. Veritatis occaecati doloremque pariatur molestias error explicabo.,2006-05-29 10:21:11,1993-07-19 17:10:57
4259,Quos totam error natus.,"Error id iure distinctio. Accusamus explicabo accusantium quos.
Placeat error ipsam voluptates eveniet. Consequatur laborum architecto voluptatum amet sunt. Impedit nesciunt saepe mollitia non.",1992-01-01 23:36:02,1982-06-21 18:23:34
3693,Aliquam commodi dolorum.,"Quis odit voluptatibus dicta. Dolores modi asperiores nisi.
Asperiores vel aut tempore. Repudiandae voluptate molestias.
Sint reprehenderit cum dicta. Iste officiis voluptatum a laborum.",2014-06-12 15:39:48,1996-09-11 16:42:51
7060,Quidem facere asperiores quisquam ex.,Maiores ab iusto reiciendis atque dolorum. Assumenda saepe atque libero exercitationem.,1984-01-25 02:33:44,2018-09-10 13:07:06
3998,Commodi voluptatem nihil at blanditiis eligendi in natus.,Aspernatur vel dolorem fugiat magni hic fugiat. Fugiat dicta dolorum culpa natus tenetur. At itaque animi quidem deserunt.,1991-04-23 15:02:02,1980-09-17 21:23:51
2362,Veritatis doloremque ducimus excepturi modi.,"Architecto ab excepturi voluptate id repudiandae. Dicta id voluptatibus iste.
Nemo omnis at. Labore reiciendis perferendis quidem voluptatibus esse.",2000-06-09 14:50:13,1997-03-09 20:49:06
7188,Doloribus molestias pariatur veritatis laborum sequi.,Possimus laboriosam sit fugit. Rerum totam vel quia sit. Veritatis similique nam corporis cumque voluptatibus.,2021-01-09 02:13:10,2000-11-09 22:35:41
4733,Totam quidem delectus deleniti asperiores neque numquam.,Commodi impedit consectetur quia voluptates exercitationem. Recusandae labore repudiandae consectetur nobis fuga.,1978-09-15 14:23:46,1973-11-25 01:10:21
1162,Magnam nostrum distinctio ut molestiae.,Ut sed nostrum quisquam. Reprehenderit iste tempora rem possimus iusto.,1985-04-04 15:08:07,2016-07-17 01:45:15
8499,Doloremque culpa minus asperiores quae iure.,Sed id odit recusandae tenetur. Architecto ex culpa ad ex vitae vitae eius. Iste ipsam voluptate doloremque.,1975-01-12 13:30:11,1995-12-12 17:32:00
1784,Corrupti dolores nulla nihil.,Molestiae expedita fuga quo. Molestias itaque nam delectus reprehenderit. Maxime accusantium occaecati ipsum blanditiis explicabo.,2023-03-22 08:27:20,1991-11-14 22:35:51
4396,Ipsa rerum ipsum laborum officiis assumenda id.,Incidunt dignissimos iure corrupti ipsam. Blanditiis repellat dolores aut expedita. Quo culpa corporis ex.,1983-10-13 09:42:57,2020-05-28 10:01:23
9365,Minima velit laudantium soluta pariatur soluta.,Quibusdam id nisi veritatis minus eos mollitia aliquam. Repellat voluptatum corporis vitae deserunt. Ut optio voluptatem odio doloremque modi saepe.,2024-02-02 23:06:26,2020-05-16 18:36:49
1412,Rem adipisci sequi ipsum aut non.,Tenetur odio sequi eos quae at. Sint repudiandae quo provident corrupti doloremque hic neque.,1991-01-06 13:17:48,2014-07-28 11:38:21
6609,Accusantium nesciunt excepturi.,Incidunt repellat reprehenderit maiores placeat sunt. Quo sapiente quaerat minima ut totam recusandae quidem.,1984-02-10 23:25:16,2008-02-03 20:22:47
4666,Sapiente sit itaque nostrum cumque facere laudantium qui.,Tempora eos accusantium laudantium ducimus nihil. Nam explicabo reiciendis voluptas deserunt dolor eligendi dolorem. Animi quasi aperiam dolor earum. Ullam reiciendis laboriosam cumque dicta.,1972-11-14 13:02:26,2007-08-15 18:25:54
2039,Ad iure sequi a ex quasi.,Maxime reprehenderit rerum. Dignissimos dolorum vero facere qui. Pariatur impedit animi ab.,2000-02-20 03:33:59,1978-01-21 20:13:35
587,Quasi explicabo adipisci cumque.,"Molestiae magni et ex iure alias. Eius doloremque expedita. Cum repellendus mollitia qui numquam consequatur.
Reiciendis perferendis fugit ex id neque non nam. Reprehenderit quisquam praesentium.",2022-09-04 15:09:34,2010-04-10 06:42:26
3642,Veritatis fuga nam sit.,Repellat mollitia autem quisquam modi eligendi. Et laboriosam porro eaque illo amet quasi nisi.,1977-01-15 13:54:55,2011-01-27 23:10:12
3413,Soluta officia totam saepe beatae iure.,"Repellat explicabo commodi corrupti. Magnam possimus vero unde tempora.
Ducimus tempore aliquam ex reprehenderit at. Consequatur facere quo ex maiores perspiciatis repudiandae.",1989-05-18 22:18:50,1991-05-27 07:35:19
9223,Ea dolores sunt officia cupiditate delectus.,Eveniet nemo ipsam exercitationem. Quos qui odit voluptas occaecati dolorem. Fugiat vero illum fugit aut error veniam.,1993-05-14 19:07:52,1995-05-30 17:33:06
5427,Alias magni molestiae explicabo saepe aperiam ex.,Nulla commodi beatae quia. Voluptatibus temporibus eligendi voluptates. Quo inventore optio esse.,1987-03-09 02:35:57,2010-09-24 11:10:54
1535,Possimus nam eius perferendis cum.,Facilis delectus quasi quod in aut. Aperiam neque praesentium reprehenderit sequi. Temporibus ea aliquam molestias velit quae reiciendis. Dicta autem ex deleniti.,2016-07-11 15:25:15,2021-03-18 07:19:49
9485,Accusamus ducimus corrupti sit error.,"Perspiciatis commodi nemo aperiam soluta magni. Asperiores exercitationem saepe pariatur deleniti.
Quia ipsa suscipit.",1996-04-08 16:17:01,1983-09-16 00:08:15
3106,Corrupti neque sit fugiat amet corrupti.,"Praesentium aliquam dicta totam aut. Quis eum ullam quae occaecati. Consectetur itaque adipisci voluptatum ea.
Facere id repellat veniam ipsa dolor aspernatur. Laboriosam odit inventore fuga tenetur.",1975-03-15 02:06:11,1976-09-02 20:11:38
4096,Aspernatur sunt quibusdam sit.,"Libero qui eius numquam. Possimus ad qui hic. Quae itaque aut occaecati culpa.
Accusantium error asperiores aperiam autem quod dolorum doloremque.",1984-02-20 04:35:43,1993-11-08 12:20:39
6324,Harum quos numquam voluptates.,Rerum veritatis magni exercitationem nisi. Asperiores rerum aliquam molestias atque. Nulla esse esse quos officia inventore nobis.,1975-09-02 07:20:50,1981-02-27 06:15:55
9618,Sequi cupiditate nostrum laboriosam.,"Non atque eligendi quam debitis inventore. Reiciendis asperiores magni. Qui maxime pariatur.
Qui commodi repudiandae ad. Tenetur debitis iure modi.",1973-10-05 17:13:03,2001-12-17 04:07:35
6335,Alias quidem placeat veritatis laborum.,Repellat maiores exercitationem. Velit doloribus ad est. Hic quidem temporibus.,2013-03-08 05:58:36,2002-03-12 11:01:16
6610,Nam officia magni ab illum quidem.,Consequuntur voluptatibus architecto. Ipsum dolorum expedita voluptatem incidunt. Itaque ratione esse optio distinctio minima. Nobis cupiditate tempore quae culpa ratione modi.,1981-11-18 04:14:52,1981-12-18 19:29:02
1361,Unde minima iure non possimus molestiae.,"Eos vitae alias corrupti cumque repudiandae. Qui veritatis quasi distinctio esse.
Ullam iste vel adipisci optio accusantium vero. Autem iusto quo voluptatem cupiditate praesentium eligendi error.",2014-08-14 18:23:03,2018-07-09 20:33:53
9846,Atque quis vitae quas vel voluptatibus.,Cupiditate officiis sequi. Labore voluptates tenetur blanditiis iste quidem quae fugit. Necessitatibus itaque quas cum.,1996-02-15 21:35:00,2014-11-03 23:30:36
3514,Et placeat saepe quam officiis voluptatum.,"Non voluptatem totam necessitatibus.
Fugiat veniam in deserunt tenetur placeat expedita autem. Reiciendis eos mollitia sit numquam.",1994-06-17 04:04:37,2003-01-15 14:46:54
4535,Velit quibusdam quos nihil.,"Hic dolore corporis eos facere possimus illo.
Accusamus inventore in suscipit exercitationem. Eum repellat praesentium mollitia. Eligendi consequatur amet facere officia sunt.",2008-08-17 06:17:54,2018-09-06 15:23:04
1737,Reprehenderit consequatur ad pariatur neque.,Doloremque officia nobis facere rem consequuntur qui.,1993-03-06 03:51:41,1992-04-25 10:00:36
6448,Reprehenderit architecto voluptates assumenda illo ullam tempora eveniet.,"Accusantium architecto illo blanditiis. Nisi quos natus magnam libero. Ducimus sed tenetur placeat laudantium.
Atque nemo cum sit autem rerum dignissimos hic. Commodi qui eos modi deleniti.",1997-09-16 21:35:17,2005-06-12 18:00:15
2796,Magni maiores accusamus.,Temporibus quisquam tempore temporibus aspernatur libero eum. Minus aut dolores dicta. Sequi eveniet earum beatae quod corporis quisquam.,2022-06-19 05:04:59,2002-09-17 08:33:23
9505,Totam quos perspiciatis autem eos mollitia.,Hic veritatis architecto sunt. Omnis dolores sapiente in expedita vitae. Consectetur eaque voluptates quod.,1983-08-24 14:28:16,2023-11-04 19:20:08
2260,Ea impedit repudiandae quia aspernatur quis.,"Repellendus hic sint. Fuga deleniti dolor dolor vero sed.
Eveniet enim iure debitis consectetur.",1996-11-28 04:21:32,2005-02-11 17:07:04
4459,Labore vero qui odit quia unde debitis.,"Ducimus aut saepe enim in. Id mollitia perspiciatis porro natus tempore commodi.
Cumque voluptatem placeat eius. Similique magni dolor. Dolor magni facilis molestiae esse necessitatibus aliquid quam.",2024-05-19 16:07:50,2017-11-15 18:07:24
9478,Id repellat consectetur.,"Neque consequatur ea. Praesentium alias possimus maiores incidunt a.
Eaque dolor tempora tenetur harum voluptates. Exercitationem architecto nihil quo aspernatur. Ducimus at placeat fuga quo quae.",1981-08-11 07:41:24,2023-01-19 10:52:46
4805,Illo est occaecati eos maxime praesentium praesentium.,"Neque expedita voluptatem officiis. Incidunt enim soluta ea quas.
Facilis beatae nesciunt inventore.",1999-10-11 09:44:31,1971-10-07 18:03:00
6123,Beatae facilis numquam cum quaerat ipsam perferendis delectus.,Maxime illum deserunt occaecati earum officia. Corporis fuga quidem autem dolores tempora iste nostrum. Neque incidunt nam deleniti voluptates.,2004-09-06 21:48:27,1970-02-15 02:01:31
4671,Quidem maiores nobis fugit et adipisci officia.,Alias quasi optio adipisci dignissimos temporibus. Provident iste modi magnam animi ipsa iusto. Impedit perferendis rem ducimus quos ullam ex.,1979-01-13 16:39:30,1985-08-31 05:56:49
7789,Ratione ad odit autem odit voluptate optio maiores.,Similique ipsa tempore ipsam nam reprehenderit. Accusantium veritatis repudiandae odio quibusdam perferendis eveniet. Illum sequi molestias deserunt inventore harum.,2013-03-15 03:53:32,2023-11-04 11:46:05
3585,Pariatur totam occaecati deserunt officiis eveniet dolor quod.,"Accusantium rerum ab.
Nisi vero unde assumenda harum adipisci nostrum blanditiis. Iure porro voluptate cumque aliquam consequatur deserunt. Mollitia aut recusandae corporis enim possimus voluptatum.",1997-06-15 04:52:11,1984-02-08 02:27:21
3586,Dolorem perferendis quas voluptatem rem consectetur quibusdam eius.,"Doloremque enim voluptates eum nam odit cum. Nihil itaque magni.
Ipsum labore eum. Sed ipsam corporis voluptatum exercitationem cum nam.
Eum voluptates excepturi illo. Omnis delectus quos nesciunt.",1996-11-23 09:17:34,1992-07-29 21:08:26
7534,Enim impedit nam minima qui.,"Temporibus molestias aliquam officiis. Corrupti quam optio repellendus.
Delectus reprehenderit fugit eaque reiciendis. Impedit porro minus quas adipisci.",1994-03-20 11:57:39,1995-10-23 14:23:53
8835,Hic esse veniam rerum asperiores officia ad asperiores.,"Dignissimos repudiandae dignissimos deserunt eius at. Nesciunt maxime iusto vitae nostrum possimus. Quam enim optio vero.
Quia commodi non quos. Quasi laborum voluptatibus quod.",2000-02-02 06:57:08,2011-07-02 17:44:14
4013,Temporibus architecto ab a reprehenderit magni.,Reprehenderit fuga possimus necessitatibus nisi ex. Provident corrupti sunt non odio sequi occaecati repellendus.,2017-01-24 03:50:21,1986-06-02 21:44:10
5092,Itaque consectetur ducimus esse enim.,"Autem quis nesciunt saepe libero. Culpa odit possimus veniam.
Consequatur ipsam officia consectetur saepe provident occaecati. Inventore odio quod tempore at ex.",1975-07-14 20:11:38,2012-11-28 18:57:31
550,Quis earum exercitationem ex.,Similique perspiciatis voluptatem magni incidunt error. Mollitia illum debitis praesentium ad tempore.,1973-06-20 00:29:48,2004-01-21 17:44:58
3183,Optio explicabo accusantium quas ipsam veniam fuga.,Reprehenderit quas labore repellendus necessitatibus tempora debitis. Sunt dignissimos nulla enim voluptatibus.,2019-07-13 06:22:38,2022-07-26 00:45:02
4495,Incidunt iusto nemo dolorem similique cumque.,"Voluptatum nostrum magnam error temporibus ad in. Veritatis veniam similique sequi quas voluptate.
Libero quas ipsa quam. Error laboriosam atque eveniet dignissimos.",1995-10-17 11:28:52,1993-11-30 04:09:04
3045,Recusandae quam voluptatem magni impedit aliquam.,Quo cupiditate architecto aliquam cum enim id mollitia. Voluptates dolorum officia recusandae possimus. Inventore quia excepturi debitis laborum eligendi. Et ab asperiores placeat nihil eos.,1998-12-28 07:24:05,1989-03-01 17:14:03
6986,Magnam cupiditate facilis.,"Aliquid aut eveniet. Omnis aut quos officiis cupiditate. At quae consequatur. Maiores vel laboriosam unde.
Autem voluptatibus amet id. Quibusdam quas aliquid odit fugiat.",1979-07-10 21:03:33,2001-04-04 00:25:43
2977,A aspernatur placeat quae cumque quas et molestias.,"Amet quae animi. Dolores tempora magnam laudantium.
Et tempora rerum nihil adipisci. Dolorum occaecati amet maxime eligendi. Placeat optio quos animi doloribus quas perferendis fuga.",2015-02-03 09:01:19,1980-02-09 02:44:56
3199,Temporibus numquam vitae.,Doloribus doloremque enim et. Necessitatibus dignissimos autem consectetur quos quisquam. Doloremque suscipit voluptas magni eveniet porro. Iure enim suscipit delectus repudiandae rem.,1994-09-12 16:46:42,2022-11-03 12:09:50
8893,Minus amet recusandae fuga exercitationem voluptas.,"Illum animi dolorum pariatur vel perferendis vitae. Perferendis laboriosam ipsam vel occaecati veniam.
Laborum unde consectetur incidunt nisi at. Ea perspiciatis possimus cupiditate.",1982-03-29 01:32:51,2021-06-30 09:19:50
7722,Illo neque qui fuga culpa aperiam praesentium porro.,Rem fugiat repudiandae nihil ipsum perferendis commodi. Itaque odio voluptate officia corporis nulla. Atque quae praesentium molestias magnam expedita officia.,2001-11-28 04:34:56,1991-09-04 02:43:54
8395,Alias iure dolore esse.,"Minus autem laborum corrupti incidunt. Quam eligendi distinctio quisquam.
Dicta perferendis quae beatae. Sint nulla dicta perspiciatis sint eius. Accusantium ad ipsam dolor.",2006-08-29 06:07:55,2019-08-17 23:48:02
9556,Necessitatibus enim nihil aliquid beatae repellendus.,Exercitationem perferendis delectus deleniti facilis soluta quisquam. Molestias eius quaerat. Perspiciatis sequi libero sapiente.,1984-10-29 19:21:15,1977-07-07 08:10:12
2827,Minus tempore molestiae vero facere voluptatibus quisquam.,Ut reprehenderit sit sequi recusandae est error. Recusandae culpa nostrum harum laborum repellendus.,1989-11-25 10:34:12,2019-05-15 13:02:32
5140,Nisi dicta iure cum doloremque.,"Assumenda praesentium corporis quas illo sint veritatis. Temporibus ea quasi.
Autem ab dignissimos consequuntur. Voluptate minus animi quibusdam rerum.",2018-07-03 01:53:26,1995-11-28 05:25:56
323,Sunt qui alias neque assumenda enim pariatur.,"Vel laborum repellat impedit quibusdam incidunt.
Voluptas autem perspiciatis. Error quibusdam ea possimus possimus.
Dolore repellat exercitationem rem quis. Architecto fuga occaecati dignissimos.",2000-11-26 08:17:54,1972-12-30 20:55:19
1409,Nam facilis vero nisi dignissimos.,"Commodi eligendi aperiam iure voluptatum inventore. Laboriosam vel illum possimus.
Excepturi iusto earum beatae. Impedit veritatis enim facere.",1983-06-02 19:07:08,1987-05-25 12:41:26
3870,Illum corrupti tenetur commodi.,Quasi facere quaerat dolore. Dolor dolor aspernatur ea accusantium aperiam. Eligendi ducimus sunt eos exercitationem incidunt.,2010-01-10 15:03:43,2011-12-07 03:13:03
3003,Deleniti laudantium saepe sit quod accusamus eius.,Incidunt magni numquam reprehenderit aperiam consequatur. Non qui voluptates rem quam.,2005-01-13 18:57:47,1987-05-03 18:50:01
5218,Ratione repellat nostrum ipsam dicta neque.,"Voluptatum voluptas voluptatibus inventore. Quos perspiciatis fugit.
Praesentium temporibus ab voluptate ex. Alias consectetur aut quod voluptatum.",2020-03-08 11:39:18,2003-04-18 23:17:21
4941,Provident consequuntur facilis veritatis.,Sint corrupti reiciendis iusto. Deleniti reprehenderit ab voluptatum minima. Tempore inventore ipsum ducimus nihil reiciendis tempora iure.,2005-09-22 09:52:41,1970-07-06 04:43:21
9710,Impedit possimus laboriosam cum.,Necessitatibus quas perferendis inventore quia. Corporis voluptas reprehenderit asperiores pariatur corporis.,1994-01-31 21:28:24,1983-05-07 00:39:40
4915,Omnis minima et fugiat eligendi deleniti sapiente.,Odit ullam magnam id laudantium amet. Repudiandae debitis eos hic. Optio voluptatem nostrum id ab error ipsum.,1987-11-03 21:46:48,2008-09-15 16:57:34
7249,Cum doloribus doloribus totam mollitia.,Tempora perspiciatis unde possimus. Recusandae ex dignissimos quisquam. Cum at cum architecto.,1979-06-02 17:38:41,2010-09-09 18:24:46
1237,Facere illum mollitia.,Quisquam eveniet perspiciatis voluptatibus minima ut. Possimus error velit consequuntur molestiae assumenda quas. In exercitationem tempore.,2010-04-22 01:37:41,2020-07-04 14:38:22
449,Vitae eveniet provident ad laudantium ex voluptatibus inventore.,Similique maiores ducimus ipsam eos. Architecto voluptate voluptatem maxime quam. Nostrum ab sed quisquam ad beatae corporis.,1988-04-06 06:14:31,2016-05-02 21:05:08
7070,Fuga dolorem unde.,"Esse commodi inventore voluptatibus laboriosam incidunt. Ullam recusandae eum assumenda.
Cum dignissimos consequatur. Porro natus temporibus repudiandae maxime molestiae suscipit odio.",1996-02-26 13:06:13,1986-03-25 05:24:51
268,Quibusdam perspiciatis enim a dicta delectus doloremque.,"Sunt aliquid nisi est accusantium accusamus.
Odit et similique eius debitis. Aliquid voluptatum tempora illum adipisci dolorum.",1985-02-05 11:44:25,2016-04-16 00:03:22
951,Eum impedit ea.,Laudantium qui nobis. Ducimus id doloremque debitis expedita enim.,1991-11-16 21:05:06,1995-10-21 07:13:33
645,Quam cupiditate rerum voluptates et vitae.,"Excepturi illo alias alias facilis sunt odio. Sapiente ea totam facere odio eligendi magni eaque.
Eaque pariatur corporis quod reiciendis magnam sed. Nihil quasi deserunt nulla.",1980-08-01 16:53:33,1995-04-05 08:28:47
8562,Doloribus maiores exercitationem.,Quaerat maiores reiciendis exercitationem eum architecto. Itaque neque culpa nam architecto.,1972-12-27 03:39:48,1981-05-26 17:02:33
1761,Nam repellat qui repudiandae velit illo quia.,Ducimus rerum distinctio voluptatum suscipit animi. Ipsa nulla fuga reprehenderit at facilis eos. Ex iure totam aliquam.,1991-07-01 00:17:23,1993-01-06 01:43:21
8030,Mollitia dolor sequi corrupti doloremque neque.,Molestias explicabo doloremque eum laboriosam. Doloremque neque accusamus. Sint delectus rerum sapiente laborum.,2017-12-10 19:23:52,1986-08-11 08:59:02
4823,Nobis quidem similique tempora.,Debitis vitae fugiat dolor suscipit. Assumenda animi impedit vel nesciunt. Nisi esse consequuntur laborum.,2013-09-03 13:27:08,1997-12-31 15:53:03
8787,Quaerat culpa quae odit enim sapiente.,"Voluptatum pariatur amet tempora. Aperiam reiciendis velit.
Recusandae delectus quisquam sint. Rem ipsum harum maxime mollitia.",1995-09-26 22:55:18,2011-05-28 19:48:47
2086,Error nemo officiis minus unde voluptatibus harum.,Modi accusamus amet beatae consectetur aliquam nesciunt ipsam. Ad dicta itaque voluptatem delectus. Laudantium eaque consectetur a numquam aliquid.,1990-11-11 15:50:57,1990-06-19 03:31:37
7363,Qui repellendus repudiandae et.,"Esse vero dolores iste. Ipsam in odit laudantium.
Illo commodi eos placeat dicta corporis iusto. Iusto minima cum voluptatibus est. Cupiditate provident facere ab neque enim.",1974-12-19 19:37:33,2010-03-30 01:46:09
1940,Ratione perspiciatis accusamus eos illum rem optio.,Necessitatibus tenetur perspiciatis quis a iusto. Laudantium corrupti aperiam temporibus repellat tempore aut. Quo illum eos voluptates dolore iure.,2001-05-08 12:58:43,2022-12-18 03:30:38
1176,Saepe ut inventore laborum.,"Libero vero iure quidem corrupti veritatis ipsum. Sit numquam voluptate velit eius debitis.
Dicta modi cum quis aliquam. Nobis amet accusamus. Veritatis recusandae saepe quaerat esse minima at.",2005-04-04 12:19:46,2019-05-27 16:39:48
5971,Aut ea dicta dolores amet numquam ratione.,Dolorum facilis libero ipsum iusto. Illo reprehenderit repudiandae veritatis.,2014-03-02 00:30:35,1999-08-26 11:32:38
8960,Quibusdam sint sapiente reiciendis voluptatem optio consequuntur aut.,Id voluptas soluta laborum temporibus occaecati eligendi. Quae aut sed saepe facere quia. Voluptatibus maiores dicta velit.,1995-03-28 18:13:12,2019-11-24 03:43:54
7216,Exercitationem quibusdam voluptate inventore aliquid beatae.,Nihil cumque sed vel. Iusto tempora excepturi molestiae alias beatae. Quas aliquid dolor aliquid.,1993-01-13 22:15:53,2009-05-18 01:17:04
