id,title,description,point,start_date,end_date,created_at,updated_at
403,Corrupti similique pariatur ab optio.,"Reiciendis quas mollitia itaque illo nobis. Ab distinctio excepturi dolor. Nihil quo officiis necessitatibus veritatis sit.
Amet maiores sit voluptate quae beatae nihil saepe. Quia quis quas dolores et dolorem.",522,2012-07-01 15:30:30,2014-04-18 14:48:54,1981-02-10 08:33:18,1977-09-27 03:03:48
7318,Dolor provident aliquid incidunt adipisci dolorem repellendus.,"Repudiandae ex totam vero eaque. Sit ducimus consequatur fugit suscipit.
Minus non nostrum. Delectus qui molestias hic dicta laudantium possimus. Deserunt alias dolorum dolorum.",482,2010-05-25 08:29:33,1993-09-21 00:13:25,1978-03-04 07:30:05,1984-04-05 10:47:45
741,Dolore ipsam maxime voluptate facilis et natus.,"Quidem id unde laboriosam veniam nostrum ratione recusandae. Quaerat reiciendis cupiditate sapiente nam corrupti.
Tempora laudantium labore excepturi.
Facilis eveniet dolore assumenda suscipit odit eos suscipit. Delectus rerum beatae non ex.",572,1980-05-20 21:21:43,1973-06-28 21:43:02,2004-05-04 02:36:54,2005-10-04 02:42:35
219,Velit voluptas exercitationem.,"Dolore autem maiores illum. Provident doloribus id facere.
Voluptates nam fugit laudantium dolore debitis. Occaecati nulla doloremque eligendi accusantium cupiditate.",39,2011-03-20 03:29:28,1977-12-04 00:57:10,2003-11-15 01:06:19,2014-08-07 21:30:44
2687,Libero fugiat vitae soluta dolore nihil.,"Dicta rem inventore unde dolore. Voluptas possimus nulla impedit explicabo.
Placeat illo reprehenderit aspernatur laudantium beatae itaque. Nam quisquam nam. Earum minus mollitia quos eos totam eveniet harum.",395,2006-02-04 01:33:55,1994-04-02 07:38:47,2000-03-27 02:58:45,2016-08-30 23:35:09
2717,Nulla at a quibusdam vitae sequi eos.,"Cumque ut eaque consequatur veniam sequi rem. Veniam veritatis quod consectetur numquam. Ullam quidem ipsa officiis reiciendis repellat veniam.
Sapiente pariatur perferendis fugit quis maxime ratione. Consequatur perferendis hic corporis sapiente.",595,1978-04-27 15:30:08,2020-10-24 22:10:05,2019-08-13 18:43:39,1996-09-30 16:45:19
2056,Fugit veniam animi sed tempore pariatur nobis adipisci.,Recusandae suscipit explicabo. Dolores est beatae nobis. Nesciunt natus libero numquam iure.,661,2001-11-13 12:23:10,2000-04-28 12:35:55,2018-04-20 23:42:16,2005-10-22 11:27:42
1478,Veritatis repellendus velit quaerat minima nobis animi.,"Molestias non nam esse perspiciatis occaecati accusantium sequi. Optio aut totam veritatis libero.
Reprehenderit itaque officia eos saepe voluptas. Delectus voluptates ea repellendus nemo praesentium.",791,1970-11-02 13:14:11,2001-12-06 09:15:07,1982-11-01 20:38:23,2001-04-15 07:56:40
8958,Magnam quo impedit et expedita animi asperiores.,"Pariatur impedit maiores officiis. Accusantium ipsam ut.
Doloribus enim consequatur minima voluptatum dicta. Quisquam laudantium repellendus porro reiciendis ipsam numquam.
Facilis explicabo porro in quod. Officia nulla possimus.",465,1996-06-05 13:25:40,1986-06-16 15:09:00,1979-05-18 16:27:45,2003-01-28 13:18:23
6528,Aut dicta dolores accusamus.,"Occaecati at optio. Voluptatibus nulla cum facilis earum. Harum ipsum molestiae animi reiciendis beatae ad sapiente. Fugiat quia accusamus.
Laboriosam asperiores ipsam quos sequi a blanditiis rerum. Voluptatem ad nemo similique.",561,1970-06-26 08:31:29,2006-04-19 18:46:47,1998-07-02 22:51:27,1981-09-27 00:57:27
40,Vero soluta iste.,Minima magnam placeat molestiae necessitatibus. Harum laborum quo ipsam. Laudantium neque delectus voluptatem.,492,2000-02-10 11:37:03,1974-04-03 02:55:48,1988-05-22 03:00:43,1983-09-14 07:26:24
4398,Veritatis veritatis pariatur magni.,"Ex porro molestias voluptatibus laboriosam consequatur. Dolores vel quidem tenetur neque itaque. Blanditiis nesciunt aperiam.
Assumenda iure corrupti ipsam mollitia iusto illo distinctio. Blanditiis temporibus distinctio a optio incidunt harum maiores.",962,1981-12-26 20:34:04,1997-01-14 05:33:00,2015-10-30 02:04:32,2020-08-12 12:19:18
7691,Soluta possimus laborum ut.,"Aliquid magni sint at. Possimus expedita velit laudantium adipisci. Error facere reprehenderit fugiat.
Molestias perspiciatis facilis quo. Dolorem impedit quas animi molestias.",599,2005-11-03 18:13:14,1970-07-24 10:19:48,2010-07-18 10:33:10,1980-03-16 20:11:59
1513,Maiores ab impedit quasi.,"Alias porro ad pariatur voluptatum quam possimus. Aut facere aliquid laudantium id nulla ut. Repellat non pariatur.
Eos ullam dolore eligendi. Consectetur enim consectetur praesentium.",798,1984-01-22 18:13:39,1981-06-30 05:50:16,1986-04-05 04:01:37,2020-05-25 07:09:07
1998,Optio veritatis totam amet vitae assumenda.,"Inventore voluptatem id ex voluptates. Officiis velit aliquid.
Deserunt illum ipsa. Quia accusantium nihil porro qui veniam. Neque aspernatur doloremque nihil.",280,2012-11-29 14:02:09,1990-01-15 23:43:05,1982-06-11 05:12:31,2016-10-21 04:47:23
7114,Autem blanditiis magnam nostrum dolorem eum velit voluptas.,"Ipsa ullam mollitia dolorum voluptatem a. Ipsum exercitationem esse iste. Ad veniam nemo cum incidunt.
Sint blanditiis necessitatibus perspiciatis voluptatum illum earum. Consequuntur in ducimus qui officiis nesciunt.",75,1990-01-30 12:14:56,1973-06-07 23:13:55,1980-02-13 22:30:06,2017-11-10 20:25:56
6181,Autem eum nostrum blanditiis atque.,"Totam sint ipsam quam consequuntur nostrum accusantium. Praesentium sapiente dicta voluptas nesciunt.
Harum ratione magnam labore nihil eos. Dolores velit a quae.
Repellendus beatae exercitationem. Nisi quasi quam quidem nesciunt error.",237,1997-03-08 11:33:02,2006-12-12 22:07:14,1983-10-18 17:39:26,1996-06-18 18:48:32
8201,Nesciunt officiis reprehenderit minus voluptates.,"Modi consequatur laudantium voluptatibus similique molestiae soluta. Nostrum molestias nihil laboriosam. Ullam sequi inventore beatae.
Fuga repellat fugit fugiat odit molestiae commodi. Minus adipisci consectetur temporibus qui corrupti.",230,2004-12-23 01:07:11,2004-03-26 17:32:10,2021-08-29 05:49:58,1973-10-14 12:58:51
7706,Ut quae doloremque debitis tempora error adipisci.,"Voluptates sit recusandae at illum aut facilis. Expedita consequuntur provident minima. Minus officiis nostrum fugit.
Praesentium molestiae vitae. Quo modi provident rerum accusamus.",424,1995-07-28 17:13:33,2003-12-14 17:47:19,2007-05-24 16:04:35,1977-08-20 18:53:20
6480,Amet suscipit natus corrupti dolor dolor explicabo.,Qui natus nam non consectetur consectetur illum. Consectetur doloremque illum sint repellendus.,507,1995-01-05 13:23:14,1996-12-20 19:02:18,1987-04-15 15:07:36,1997-05-30 20:46:59
3458,Suscipit at quis vitae consectetur quod.,"Officiis officia repellat veniam architecto. Quis totam saepe sint assumenda adipisci a molestias.
Aut fugit iusto odio libero. Rem quibusdam inventore quidem blanditiis eum sint beatae. Voluptatibus sit dolorum alias itaque at molestias.",746,1995-03-16 18:00:28,1978-06-07 02:18:34,1982-01-09 07:28:36,1976-06-25 06:22:44
8616,Quis amet reiciendis dicta reprehenderit omnis rem.,"Tempora recusandae autem velit. Aut non minima fuga repellendus dolorem quos. Repellendus vitae dolores expedita aspernatur corrupti.
Aliquam eligendi voluptatem perferendis velit reiciendis. Modi cum earum neque. Eligendi soluta quam.",369,2013-06-22 14:47:32,1998-10-01 16:59:02,1995-05-08 13:08:28,1980-07-17 07:15:44
8456,Id doloremque maxime iure modi nam error.,Aperiam nihil animi perspiciatis autem atque facere. Recusandae minus iusto error. Aliquam corrupti error doloribus excepturi omnis labore.,752,2015-07-19 01:59:37,1993-08-15 14:59:42,1976-11-25 06:39:21,2020-05-15 07:27:24
9190,Repudiandae quisquam eum pariatur quidem sint.,"Porro ipsum officia ab dolorem doloremque. Laboriosam accusamus nulla omnis facilis fugit. Occaecati quaerat in impedit.
Aliquam minima exercitationem sequi modi. Quasi tenetur facere inventore. At deleniti quasi laboriosam nihil.",824,2011-06-26 03:25:18,1984-11-20 04:19:54,2009-02-10 23:23:49,2022-08-24 04:51:08
6236,Praesentium ab cupiditate in nihil possimus.,"Doloribus debitis ullam at excepturi beatae libero. Omnis officia doloribus illo repellat possimus necessitatibus.
Fugiat quas autem. Saepe dolorum ipsum et saepe.",773,1976-10-11 11:15:10,1975-07-01 10:07:47,2019-09-24 20:05:07,1985-01-07 06:44:47
2120,Vitae illo repudiandae dolorum.,"Temporibus earum animi at similique laboriosam. Amet ducimus laudantium ipsa nostrum.
Quod laborum earum nesciunt necessitatibus dignissimos eaque. Cumque repellendus ea excepturi labore. Assumenda sed ipsam quae numquam similique et voluptatibus.",537,2007-02-06 07:54:21,1984-05-24 06:57:42,1981-05-26 08:53:20,1989-12-25 01:37:07
4289,Vitae tempore ex nostrum numquam voluptatum.,Quam similique ullam sequi. Excepturi optio corporis aspernatur corporis eaque provident eaque. Rerum dolorum id accusantium laborum iure neque est.,108,2022-06-21 12:54:33,2000-07-13 10:41:06,1976-10-02 15:08:38,2020-09-21 16:33:10
496,Aperiam exercitationem omnis reiciendis autem illum culpa.,Dignissimos saepe placeat repellendus dicta quos. Tempora atque temporibus alias repellendus sed. Doloremque minima incidunt vitae. Quae nisi doloremque beatae.,443,2012-09-02 08:36:21,2023-05-08 21:59:45,1997-07-30 20:44:59,2002-06-11 21:59:44
1878,Corrupti quis enim reiciendis quas repellendus nemo.,"Expedita nam fugit recusandae dicta. Alias totam culpa. Ratione officia inventore tenetur a.
Alias alias incidunt aut officia numquam. Quae perferendis libero cupiditate sed.
Fuga tempore expedita facilis.",617,2019-10-06 11:32:55,2016-10-28 04:51:23,1979-08-30 17:15:26,2016-10-16 04:21:04
8725,Fuga quia adipisci nesciunt numquam.,"Neque praesentium nihil quisquam sapiente iusto deserunt.
Ipsum dicta ullam voluptatem quos maiores. Libero non modi quo praesentium fuga eius.",588,1980-06-07 20:57:04,1972-07-03 19:53:57,1979-09-07 12:58:18,1983-06-09 17:57:38
3202,Voluptatibus sint voluptatum maxime autem aspernatur.,"Architecto quasi reiciendis. Omnis perspiciatis perspiciatis sapiente enim consectetur.
Temporibus animi quae aspernatur voluptates harum. Asperiores sunt tempora cum dicta quibusdam. Similique vitae suscipit aut eum.",974,1980-02-23 05:45:00,1974-08-15 14:17:27,2020-04-13 03:05:31,1983-10-15 10:20:11
2400,Nam aperiam aut officiis.,"Exercitationem adipisci quo qui et exercitationem nesciunt. Consectetur deserunt placeat alias quo consectetur unde dicta.
Excepturi debitis quaerat fugit praesentium. Quas alias commodi incidunt facere eum.",40,2010-02-23 02:45:15,1995-10-30 05:50:01,1970-09-28 15:17:10,2017-06-11 05:06:06
7345,A repudiandae consectetur nemo vel quo eius ad.,"Ad culpa explicabo dolores recusandae recusandae voluptates. Fuga odit similique maiores neque eveniet et. Vel illum laborum in iusto reiciendis optio.
Dignissimos fugit accusantium cupiditate.",480,2012-01-26 21:52:32,1985-07-06 13:27:21,1978-12-30 11:59:12,2021-12-14 01:20:02
9762,Minus iure modi deserunt tempora nulla explicabo.,Culpa pariatur a labore est ullam repudiandae. Quisquam corporis voluptates necessitatibus labore sed. Neque vitae molestias eaque dolorum magni necessitatibus. Fugiat voluptates impedit praesentium tenetur ad.,120,1993-10-17 12:06:14,1977-08-05 21:49:20,1972-01-08 09:49:30,1999-11-14 20:27:14
8526,Eius voluptatibus voluptatibus in consequatur repudiandae.,"Doloribus sequi officiis sequi ab.
Autem nisi minima. Ut cum quam quisquam aperiam unde sunt. Saepe dolores minima provident provident magnam ea.
Libero minima rerum ipsam fugit. Similique veritatis porro fugit nostrum neque.",976,1977-03-21 04:23:21,2016-06-06 16:24:19,1981-05-16 14:12:40,1973-06-25 01:08:15
1036,Illo pariatur debitis perferendis fugiat ipsam.,"Aperiam natus eligendi non qui libero. Ad cumque perspiciatis blanditiis repellendus odit. Dolores pariatur quam veritatis vel itaque.
Praesentium itaque iusto quas autem. Veniam nulla nihil dolor.",158,2021-05-20 03:32:48,2012-05-26 09:33:07,1990-11-29 15:23:24,2014-07-13 10:51:50
7944,Velit porro eius perspiciatis sit nemo.,"Nostrum architecto soluta repudiandae. Cumque incidunt dolorum quos. Facilis esse alias est quidem quam.
Numquam animi perferendis. Voluptas placeat culpa impedit ullam. Ducimus deleniti ipsa neque aliquid.",671,1995-04-04 07:35:19,1988-04-01 10:42:58,1997-10-12 17:41:09,2010-03-25 13:20:44
719,Repellendus amet aperiam consequatur sunt eaque.,"Iste laudantium nam maiores adipisci. Voluptatem molestias quidem labore. Ullam totam alias ipsum atque eius.
Unde possimus officia porro adipisci sequi. Totam reprehenderit iusto similique iure.",198,2023-08-16 06:05:26,1993-02-18 00:26:52,1981-06-30 10:08:09,1999-09-09 22:20:28
9060,A quisquam tenetur suscipit iste.,"Fugit maxime ut ea est quo beatae corporis.
Blanditiis quo sed voluptatibus sequi sequi. Hic fugit minima quibusdam beatae facere nulla. Excepturi voluptates nemo.
Ad sint dolor occaecati nam.",7,2004-08-08 06:52:03,2007-09-24 16:35:15,1993-07-22 02:11:09,2006-03-10 10:07:31
7357,Neque labore temporibus unde.,"Eos aspernatur animi eum at non.
Sapiente placeat vero quo minus aspernatur ab eveniet. Corrupti quae tempore aut. Nesciunt fugiat quidem enim nam laborum.",885,1971-10-28 12:58:24,1992-12-28 03:02:03,1979-09-16 06:16:31,1974-10-15 13:53:01
6524,Quasi doloremque eum corporis quisquam inventore optio odio.,"Sequi quidem et labore fugiat. Nesciunt sequi saepe consequuntur distinctio exercitationem sequi doloremque. Repellendus esse nesciunt quia ad.
Fugiat praesentium saepe qui. Recusandae delectus animi doloremque.",388,1993-02-16 17:42:50,2002-01-08 01:15:10,2005-01-24 00:50:38,2020-06-26 03:12:58
3890,Deserunt molestiae dolor.,Nihil natus nisi ipsum quae dolor dolore in. Rem quisquam voluptate cum quos deserunt quidem inventore. Quasi sint consequuntur ea eaque. Occaecati id veritatis sed error dolor.,135,1979-06-11 12:36:57,2023-07-29 09:59:03,2018-04-09 13:14:46,2002-08-26 14:43:35
4,Incidunt earum veniam nostrum animi accusamus.,"Expedita deleniti temporibus doloremque. Sit beatae doloribus ipsum placeat eius tenetur repellendus.
Aspernatur omnis aut aliquid dolore quas. Eligendi dolores molestias minus quos cumque.",247,2024-02-17 01:22:40,1976-09-22 17:31:30,2018-06-08 20:48:32,1970-05-31 07:17:44
3889,Voluptatem animi esse dolorum quos.,"Quos rem qui earum veniam inventore. Architecto dolores fugit aliquam debitis.
Minima consequatur odit voluptatibus iusto. Qui quisquam numquam architecto sed. Ab repudiandae dignissimos exercitationem.",299,2008-03-25 14:50:09,1991-07-26 17:39:24,2009-02-04 12:15:33,2005-02-02 13:15:13
643,Corrupti ducimus nobis iste pariatur qui soluta.,Inventore labore aut facere illum nisi. Possimus velit mollitia saepe sit mollitia temporibus nam. Officia vero eos mollitia incidunt dolor explicabo.,761,2023-09-14 15:34:06,1974-02-04 04:17:12,2012-05-27 03:07:14,2007-04-19 05:11:54
9599,Aspernatur dolore voluptatem vel omnis.,"Dicta id modi consectetur. Doloribus error ad blanditiis sint quibusdam ea. Vero maxime inventore eligendi praesentium.
Iure voluptatibus suscipit doloribus incidunt asperiores earum. Atque error est cum laborum quam. Consequuntur illum fugiat iure quam.",725,1989-10-23 18:34:16,1993-11-09 15:56:52,2017-06-12 17:55:37,1996-03-15 23:05:21
3952,Fugit adipisci omnis dolores.,"Eos quis amet numquam non alias eveniet. Nemo a tempora nesciunt laudantium commodi deleniti.
Delectus aliquam consectetur reprehenderit. Cum sequi quia nulla voluptatem impedit corrupti accusantium.",436,2020-04-30 02:19:39,1998-12-01 00:05:51,2020-03-13 08:55:10,2010-12-21 11:59:59
9333,Facere quos eum.,"Placeat perferendis tenetur temporibus. Voluptatum nisi officia fugiat nobis. Quidem quaerat quae.
Pariatur laborum necessitatibus porro. Eveniet veniam nisi aliquam officiis soluta repudiandae. Consequatur nisi delectus pariatur.",226,2016-04-16 20:21:58,2023-07-14 15:22:57,2012-04-14 20:46:59,1999-02-06 09:24:49
2862,Quaerat facilis modi beatae ullam molestias.,"Odio at rerum recusandae soluta. Enim iste dolor in ipsa maxime. Voluptatum magnam maiores in.
Facilis cupiditate accusantium voluptatum id totam ab facilis. Excepturi excepturi nobis maiores voluptatem quisquam iste. Nemo fugit possimus eum fugiat quod.",697,1985-09-20 09:34:24,1988-06-30 14:32:31,1996-08-20 16:05:57,1974-04-01 11:36:05
3406,Repellat ut non inventore rem eaque recusandae.,"Voluptate quibusdam excepturi et cupiditate quibusdam ex. Sapiente voluptates praesentium.
Vel assumenda accusantium. Praesentium quibusdam delectus ratione.",820,1993-11-04 20:59:07,1999-06-18 15:50:13,2011-05-17 14:26:11,2019-04-07 09:58:24
4158,Commodi accusamus veritatis rerum omnis repellendus repudiandae.,"Nisi minima debitis illo. Labore reprehenderit nulla assumenda.
Id esse quia minima amet corporis excepturi. Ducimus temporibus minima aperiam. Illum esse esse odit itaque quisquam. Voluptatum eveniet et recusandae tenetur architecto.",88,1995-10-05 11:52:44,1986-09-17 20:12:55,2011-07-23 19:58:09,2007-03-21 04:08:52
1641,Veritatis temporibus distinctio quasi id.,"Voluptatibus soluta corrupti ad iure. Maxime sapiente minima aliquid eligendi.
Consectetur voluptate natus incidunt eos incidunt. Incidunt et architecto necessitatibus enim dolores quis.
Soluta voluptates iure quo nulla. Earum adipisci expedita.",270,1983-03-27 04:58:19,1970-08-15 08:25:34,1984-11-13 08:55:35,1993-06-01 19:00:57
3694,Ratione blanditiis quasi iste est dolore.,"Quaerat incidunt illo. Omnis in vitae magnam.
Aliquid explicabo veniam dicta exercitationem dolores soluta. Fugiat deleniti molestias iure iure dolorum sit. Amet nam consequuntur dolorem ipsa porro vitae corrupti.",808,2007-09-08 02:02:38,2004-12-05 23:32:40,1972-07-03 21:16:54,1977-07-05 05:50:36
3753,Saepe repellat tempora rem vero.,"Atque possimus eum velit. Voluptatibus unde molestiae. Alias animi distinctio nam temporibus.
Excepturi unde quasi cum. Expedita labore ducimus veniam nihil ratione. Sequi fugit facilis pariatur.",55,1987-08-31 01:19:46,2009-07-24 20:28:22,1998-08-18 07:08:12,2005-02-18 11:15:29
3749,Ut nisi qui necessitatibus deserunt enim.,"Modi esse velit similique similique magnam quae. Inventore cupiditate officiis quibusdam quidem. Id alias voluptates corrupti explicabo impedit sequi aut.
Quo iste suscipit quis ducimus esse aut. Culpa ipsam a mollitia. Impedit dolore illum.",555,1972-12-26 11:48:26,2013-03-12 14:49:40,1976-08-16 22:16:14,1972-11-13 09:21:17
3100,Saepe similique quisquam dicta.,Consequatur ducimus architecto reprehenderit saepe assumenda. Consectetur nihil nihil eius labore non laboriosam. Impedit suscipit odio animi totam. Recusandae ipsum nam repellat.,679,1991-08-28 21:01:57,1999-06-19 08:54:22,2002-02-03 07:19:46,1978-01-05 22:15:41
4322,Corrupti beatae dicta ipsum.,Impedit velit qui odit. Delectus aut corporis consequatur repellendus facilis dignissimos.,918,1976-12-21 02:30:11,2006-09-04 04:30:23,1994-08-15 14:17:26,1982-01-14 15:02:11
383,Nihil impedit quas error.,"Accusantium pariatur ab aliquid. Delectus labore eligendi. Atque dicta temporibus architecto omnis rem eaque.
Harum architecto accusantium officiis perferendis aliquid. Iste architecto consequatur consectetur quis incidunt quia.",361,2013-04-07 21:04:16,2013-04-10 07:39:55,2018-09-22 03:17:05,1982-10-27 03:12:51
4846,Et praesentium nam nulla facere doloribus veniam ea.,"Similique accusantium eveniet illum vitae facilis eveniet. Perferendis consequatur incidunt culpa. Possimus consectetur dolore illo.
Natus debitis qui. Ullam delectus dicta velit modi officia.",988,1982-06-10 10:48:50,1978-09-13 06:09:09,1972-03-11 21:01:32,1987-11-01 18:51:50
6615,Voluptas laboriosam pariatur temporibus est est.,Sapiente odio unde delectus nam neque sint. Corrupti itaque assumenda sapiente deleniti sint facere. Molestiae voluptatum neque officia ab. Expedita libero asperiores consectetur.,711,2020-11-05 13:06:36,1993-09-27 08:19:22,1970-04-22 05:54:08,1978-08-27 16:47:10
2112,Hic beatae accusamus exercitationem dolorum.,"Laudantium pariatur molestias ullam. Eveniet delectus beatae culpa sapiente id blanditiis. Quia sit neque molestiae modi alias.
Ut illo quaerat blanditiis non nisi. Minima omnis minima ea sit.",930,1980-01-12 03:19:51,2009-12-30 23:02:36,2018-05-30 15:28:03,2021-07-19 20:43:28
2955,Perferendis modi nobis libero maiores iste dicta.,"Eligendi atque praesentium perspiciatis. Quae veniam doloremque tenetur placeat voluptate modi ea.
Eum ab tempora soluta deleniti enim. Ipsam ipsa praesentium molestias cumque necessitatibus animi at. Asperiores eaque at adipisci.",423,1990-02-20 05:03:44,2024-02-05 01:48:07,1978-12-11 05:49:16,1984-10-02 23:28:31
963,Quod saepe molestiae.,"Excepturi unde repellendus excepturi dolorum impedit. Minima sapiente nihil ducimus consequuntur illo hic.
Inventore eos error maxime. Quis excepturi debitis repellendus culpa. Eveniet consequuntur maiores eum.",197,2017-09-06 06:02:23,1995-02-17 14:31:51,1980-03-13 22:24:06,1977-08-17 13:18:29
9205,Rem deserunt dolorum consequatur tempora nesciunt.,"Maxime cupiditate a eum a assumenda. Unde sequi cum nesciunt.
Quaerat eum quo rem ex distinctio. Tenetur amet aliquam voluptatum. Ducimus nesciunt dolorum saepe aliquid illo minus. Ad earum dolores officia odio necessitatibus occaecati a.",737,2015-09-08 04:42:45,1975-01-19 02:30:34,2003-01-24 20:43:00,2017-03-23 20:06:20
5238,Accusantium ullam assumenda aperiam iure eos.,Maiores voluptates voluptates quo quas omnis hic corrupti. Vero unde facilis natus voluptates molestias officiis dolores. Harum tempore excepturi hic hic illo.,422,1988-02-27 05:01:29,1995-11-27 05:06:07,2021-03-02 09:32:04,2020-08-17 22:32:16
2604,Eaque assumenda ullam dolorum.,"Blanditiis quod illo adipisci nisi commodi quae. Saepe deserunt consequuntur illum. In id quam rerum.
Ducimus reiciendis voluptatum. Tempore laboriosam laboriosam vero. Repudiandae aliquid eos occaecati dicta. Perspiciatis veniam nihil reprehenderit.",541,2018-11-04 12:58:55,1976-09-11 12:15:01,2024-03-08 20:47:06,1975-09-28 23:29:49
2238,Eveniet illum praesentium ut dolor quas.,"Beatae adipisci voluptates quis eum magnam. Suscipit harum totam incidunt iusto fugit eius nihil.
Magnam exercitationem suscipit a expedita. Numquam dolor quidem voluptate odio recusandae id. Minima a suscipit deleniti magni itaque corporis natus.",598,2003-02-03 13:41:14,1984-04-16 06:34:01,2013-03-22 18:43:42,2011-09-04 16:04:21
70,Ullam tempora aspernatur eos necessitatibus commodi.,"In aliquid magni impedit tempora adipisci. Exercitationem voluptatibus earum. Numquam voluptatum minus nam.
Soluta doloremque officiis quisquam. Soluta sit sit illum.",784,1986-09-01 17:47:00,1995-09-25 17:27:31,2021-06-24 09:50:48,1978-03-02 20:36:42
2422,Totam expedita esse nesciunt porro beatae provident.,"Laudantium a eligendi facere. Aperiam fugiat accusamus.
Omnis doloribus maiores dolores. Expedita placeat consectetur maiores natus. Sapiente explicabo blanditiis nobis quam vitae quae.",388,2011-03-04 10:21:50,2021-05-12 03:14:00,2005-01-23 14:03:34,1973-11-16 01:35:02
7981,In labore doloribus temporibus corporis quae.,"Consectetur recusandae modi consequatur pariatur repellat inventore ad. Laudantium dolore doloremque eum atque temporibus.
Aspernatur saepe ratione nulla. Temporibus possimus odit quo quod.",330,2009-01-19 16:45:11,2009-07-04 16:58:38,1998-07-14 23:35:35,1997-07-20 13:59:20
2887,Quo consectetur expedita quos.,"Ipsam quaerat alias reiciendis est quia cumque in. Nulla natus est corrupti tempora unde explicabo enim.
A quae pariatur aliquam iusto at. Natus libero fuga minus repudiandae consectetur.",323,2008-09-27 18:09:48,1984-01-16 07:05:33,2016-02-01 21:31:44,1975-01-02 10:02:26
7274,Odio doloribus non quos quia ipsam dolore aliquid.,Occaecati corrupti esse eius. Odio dolorum deserunt quae eveniet cupiditate minima.,313,2007-07-16 15:55:43,1972-05-21 21:54:11,2019-05-26 11:36:34,2014-07-05 02:30:23
5979,Repudiandae ratione commodi.,Eum laudantium dolores error eius distinctio culpa. Officia perferendis necessitatibus maxime saepe dignissimos consectetur aspernatur.,855,2005-05-23 09:31:39,2016-10-08 04:24:20,2013-03-31 06:04:27,2010-01-15 12:35:03
4581,Explicabo odit eaque sint et illum.,Similique modi sunt cum ex. Iusto soluta optio nulla deserunt eaque sunt blanditiis. Similique atque eum enim ad occaecati dolorem placeat.,921,2007-07-04 21:29:47,1994-02-22 07:39:18,2014-06-25 00:34:17,2010-02-15 04:08:21
5915,Sequi ad nesciunt error cupiditate quas eos.,"Placeat delectus non. Nisi vitae delectus rerum quam aliquam.
Laboriosam laborum optio possimus maxime nesciunt. Aliquid perferendis suscipit adipisci. Voluptatem neque tempore quibusdam architecto blanditiis dolorum.",328,2015-03-19 09:57:28,1995-12-06 00:33:38,1990-10-13 01:40:04,1985-01-07 10:20:31
3496,Cumque adipisci debitis in.,"Dicta odit occaecati odio officia quae assumenda adipisci. Omnis nisi odit ex alias.
Aliquid magni esse iusto.
Ad iure nihil blanditiis. Quaerat nisi quidem tempore tempore.",610,2011-09-24 18:58:18,2011-09-20 10:04:44,2021-12-30 02:07:33,1994-02-10 19:29:03
7744,Quia rem iusto saepe.,"Dolores sunt quo accusantium. Similique voluptate assumenda deserunt sit totam. A iusto omnis aperiam cupiditate.
Neque inventore pariatur atque.",470,1992-05-05 12:07:39,1970-09-26 06:25:42,2012-10-28 02:07:50,2016-04-10 14:44:48
2117,Deserunt accusamus magni eveniet dolorum modi repellat.,Repudiandae quas veniam consectetur hic. Beatae distinctio quo laborum necessitatibus voluptatibus consequuntur.,950,1973-03-07 15:47:04,1999-09-17 10:49:16,2003-10-06 15:30:04,2009-11-11 07:29:30
6211,Quis molestiae doloremque.,"Illo id corporis expedita consectetur praesentium. Fugiat omnis animi nemo magni tempore nesciunt.
Molestiae eius commodi sint voluptate a. Voluptates omnis impedit.
Maiores beatae animi debitis. Dolore odit magni veritatis.",142,2007-06-21 21:15:06,2001-08-19 10:00:59,2017-02-18 09:39:07,1991-05-05 14:31:59
4675,Id nisi odio.,"Dignissimos at quos. Vel ab dolore optio culpa dignissimos. Rerum ducimus inventore consequuntur amet aliquam quia.
Exercitationem blanditiis odio dolorum deserunt quibusdam. Omnis ullam molestias velit cumque.",63,1990-11-20 12:45:01,1975-10-02 07:00:04,1989-04-09 01:46:15,1996-10-02 13:41:53
9659,Laborum a dolore odio quam doloribus in.,"Autem autem occaecati et quod. Aspernatur corrupti consectetur fugit.
Architecto tenetur labore nesciunt quidem accusantium dignissimos. Harum vero optio nulla vero aliquam.
Debitis praesentium optio officiis. Vitae ad officiis quo earum.",970,1982-07-12 17:24:13,1989-05-22 04:51:18,1971-04-09 10:26:13,2010-06-08 18:28:02
2763,Cum numquam tempora corrupti nisi dolorum ad autem.,"Doloribus eum quasi expedita libero animi. Tempora facilis molestias est autem quidem numquam. Optio animi voluptatum dignissimos accusantium pariatur commodi.
Nostrum recusandae illum voluptas voluptatum sequi atque a. Earum accusamus cumque sequi.",159,1984-09-16 06:13:24,1977-08-20 03:02:43,1985-12-12 12:45:03,2003-04-09 08:09:37
3750,Enim deserunt accusantium fuga a voluptatibus tempore.,"Quae impedit laborum error occaecati molestiae. Est perspiciatis quos accusamus.
Explicabo iusto corporis minima molestiae beatae. Odit quaerat dolore et ad dolorem facilis. Ex beatae laborum magni assumenda. Ipsum illo libero recusandae.",473,2008-08-15 14:37:53,1990-11-24 12:14:31,1996-11-29 10:53:20,2021-06-01 11:20:19
8302,Animi dolorum voluptates beatae consequuntur doloribus.,"Vero porro pariatur illo. Ad autem odio non.
Atque iure ipsa repudiandae in ipsam architecto minima. Nobis commodi nisi repellat. Id tempore rerum.
Nam ipsa ipsam unde exercitationem ipsam corrupti. Voluptates vero vel eum.",77,1994-02-04 04:40:13,1985-08-10 09:30:59,1983-02-28 14:50:17,1977-11-11 05:45:36
8605,Necessitatibus illum sit similique ratione.,Nostrum a consectetur nobis tenetur odit. Minima necessitatibus dicta voluptatem tenetur autem. Maxime quaerat dolorem praesentium dolor rerum aperiam.,193,1998-07-11 22:25:49,1996-05-20 19:17:04,1989-06-27 06:21:03,1972-01-03 05:46:16
8066,Vel quia placeat explicabo facilis.,"Accusamus nulla totam at porro. Quasi quod soluta accusantium.
Aut earum dignissimos deleniti pariatur voluptates. Voluptates maxime amet culpa. Iusto sed debitis totam beatae eum nobis.",775,2000-05-28 22:41:11,2016-03-11 07:19:08,2019-09-27 14:38:58,1991-11-28 06:52:10
8549,Autem eos nemo quas.,Veritatis saepe animi dicta non. Incidunt explicabo recusandae quos. Ipsam laboriosam modi molestiae odit deserunt at.,581,1988-12-28 00:12:08,1976-11-11 07:01:55,2008-05-18 22:11:08,2022-11-07 01:03:12
5462,Quia saepe delectus totam qui sit.,"Beatae architecto ducimus quas perferendis est similique.
Eveniet perferendis dicta distinctio error sed praesentium. Unde delectus neque reiciendis architecto dolorum. Impedit quidem aut tenetur. Accusamus nam sit necessitatibus vel adipisci tempore.",145,1999-05-17 01:37:38,2009-04-05 18:17:13,2020-01-04 12:27:38,2014-12-01 23:05:54
2128,Natus delectus eius cupiditate deserunt.,"Ex dolore vel debitis sunt adipisci. Libero quos eligendi accusamus quidem. Eum veritatis delectus possimus facere.
Perspiciatis non a ullam. Praesentium molestias consequatur dolores eligendi.",294,1985-05-28 21:43:36,1985-02-20 17:28:30,1995-03-16 02:23:14,1993-11-08 00:13:47
8025,Eius excepturi architecto omnis corrupti quo.,"Hic reprehenderit hic sit iste. Architecto totam itaque quia commodi. Quidem ullam assumenda eveniet nihil modi corporis illum.
Harum asperiores neque possimus cumque facere. Odit dolore adipisci eius. Nulla rerum debitis explicabo dignissimos culpa sit.",256,2004-07-22 14:02:45,1994-06-05 00:10:41,2000-01-27 02:54:49,1991-08-16 08:24:02
8626,Deserunt neque voluptates quisquam.,"Ratione nobis aliquam veritatis exercitationem inventore voluptatibus. Placeat sunt aut numquam similique unde culpa. Illum placeat assumenda laboriosam nulla dolor ipsam necessitatibus.
Non sed iure assumenda.",828,1997-08-25 01:44:42,2007-08-20 20:47:06,1978-03-24 14:49:08,2003-11-11 08:27:30
6656,Ullam perferendis magni.,"Enim voluptas provident. Soluta ducimus facere recusandae sequi tempora reprehenderit.
Suscipit amet dolores cum facere earum exercitationem. Itaque culpa cupiditate natus explicabo minima dicta.",540,2022-11-20 10:37:05,2006-12-05 10:05:21,1998-02-28 18:07:53,2001-10-07 23:32:42
1282,Numquam pariatur voluptas in dolorum exercitationem maiores ea.,"Hic quia perspiciatis voluptatibus iusto est at. Doloribus iusto officiis dolore. Qui ratione perferendis animi.
Vero quo natus. Voluptatem sequi dolore soluta.",681,2012-07-24 14:47:10,1980-09-08 16:30:03,1988-02-20 16:25:52,2007-01-06 13:15:20
8401,In tenetur facilis officiis unde.,"Cumque placeat saepe suscipit culpa neque unde. Ad ipsum nemo ratione. Optio facilis animi occaecati provident porro numquam ad.
Eveniet quibusdam quos dignissimos nobis.
Doloribus quibusdam facere praesentium. Fugiat culpa eos hic.",88,1975-03-25 05:08:00,2017-10-27 20:35:10,2003-01-31 12:29:01,2016-12-26 06:02:09
153,Hic magnam officiis id soluta libero eum.,"Atque dolores pariatur nulla quaerat nihil facilis. Vero ipsum quia porro suscipit quaerat fugit tenetur.
Iste rem nobis incidunt. Eligendi aliquid perspiciatis quisquam voluptate.",944,1977-03-12 10:34:22,2022-04-25 12:58:00,2017-05-25 01:06:31,2003-05-28 17:35:15
2931,Eaque fugit maiores in cum.,Soluta asperiores ullam libero tenetur optio. Voluptates officiis temporibus minima quo assumenda deserunt. Velit debitis aliquam repudiandae eius placeat.,684,1972-11-02 08:18:45,2024-03-01 01:02:51,1977-11-10 06:51:41,1970-08-26 11:59:17
6042,Numquam aspernatur vero occaecati velit minima.,"Iste possimus expedita quibusdam. Laudantium deserunt soluta at. Earum odio sed aliquid laborum.
Dolores accusamus saepe illum. Dolorem qui eaque assumenda ad vitae.",356,2005-09-15 18:46:02,1978-10-14 02:38:43,2016-01-16 03:16:33,2022-11-04 13:34:39
531,Quam pariatur pariatur nesciunt saepe.,"Placeat ea dicta mollitia dolorum numquam beatae omnis. Facere maiores aperiam aperiam.
Et aliquam magnam.
Labore laboriosam quis saepe cupiditate saepe. Officiis debitis molestias a quo. Eos autem eveniet facere.",291,1981-04-15 20:31:20,2005-03-18 00:59:07,2011-12-15 09:01:44,2001-10-30 01:13:23
1904,Ipsam dignissimos quo repellat commodi ducimus pariatur.,"Reprehenderit natus facilis porro. Quae et sed inventore ratione.
Tempora quos beatae incidunt alias. Voluptate totam voluptates fugit cupiditate.
Accusantium explicabo tempora porro. Dolor soluta voluptates iusto explicabo. Corporis nam autem totam.",228,2010-06-01 20:31:18,1982-12-19 08:47:05,1996-12-01 12:22:01,2007-11-06 01:27:47
9119,Voluptatem repudiandae ad omnis veritatis.,"Assumenda illo quasi neque nisi fugit at. Vel sunt placeat corporis accusamus est.
Est modi necessitatibus eius omnis. Doloribus esse quod eaque odit nam. Ex ad libero expedita ipsam. Sequi non culpa eaque id magni.",613,2024-03-11 18:52:34,2013-01-28 04:34:21,1991-05-16 17:29:31,2010-01-26 10:08:24
9800,Accusamus quaerat accusamus veritatis mollitia magni earum.,"Voluptatibus aliquam animi maiores quod architecto laudantium. Rerum eius cum facilis nam. Quibusdam aspernatur amet quas nesciunt.
Alias minima quaerat consequuntur iusto.",94,1977-09-27 02:21:44,2022-01-09 04:17:51,1998-04-17 13:05:15,2015-07-08 09:25:11
9186,Fugiat dignissimos soluta culpa.,Ducimus occaecati temporibus tempore in error. Facere animi tenetur inventore quis exercitationem dignissimos.,630,2019-10-31 14:31:38,1999-03-05 07:22:43,2021-12-08 07:54:19,2012-05-16 23:57:38
6928,A sint aliquam officia adipisci voluptas quae.,"A nisi mollitia optio. Aut beatae provident aliquam. Hic dolores nulla unde laborum.
Veniam similique facere iure labore. Magni aperiam recusandae tempore deserunt reprehenderit.",174,1994-02-22 06:35:31,2000-03-11 18:55:41,1995-04-14 08:30:38,1993-01-31 07:15:58
5076,Culpa officia quos est asperiores doloribus numquam.,Quos quo laborum aliquid facere vero dolore. Esse aliquam officiis qui. Voluptas recusandae reiciendis ut eligendi. Accusantium autem doloremque odio dolorum incidunt.,859,1975-04-10 22:30:30,1976-05-04 22:07:33,1997-02-11 05:17:44,1996-10-02 14:15:34
2892,Repudiandae aliquam iusto quibusdam error alias.,Sint mollitia deleniti dolorem libero molestiae minima. Voluptatibus laudantium doloribus id. Voluptatibus exercitationem soluta eum officiis hic odio.,245,2023-04-28 04:40:50,2020-06-04 02:41:31,2012-08-11 08:38:57,2007-06-05 11:00:43
8384,Est debitis sunt odio provident iure laudantium esse.,Eveniet nostrum vitae veritatis voluptas. Natus rem voluptatibus id id quia ut. Eos cupiditate hic quo eos maxime repellat. Quis accusamus quisquam distinctio recusandae.,416,2023-06-17 12:03:23,2023-03-18 14:51:35,1972-07-01 15:35:19,2016-07-29 14:26:19
4928,Doloremque quaerat quaerat molestias ea accusamus.,"Modi amet perspiciatis molestias atque. Dolore facilis neque facere voluptate possimus accusantium.
Ullam dolorum totam occaecati quaerat. Possimus accusantium aliquam. Reprehenderit distinctio iure omnis.
Fugiat non ipsum impedit cum quidem.",605,1992-12-16 09:20:22,2023-12-31 01:45:40,2004-08-02 05:47:52,2008-09-01 08:59:16
4934,Quae quisquam illum.,Veniam ipsa suscipit totam repellat. Explicabo quis iste deserunt repudiandae officiis. Blanditiis excepturi corporis delectus quo assumenda repellat.,520,1996-01-31 05:13:16,2024-04-18 17:46:21,2022-02-13 10:12:43,1974-06-24 07:03:46
7511,Tenetur blanditiis esse sapiente a nam odit eveniet.,Sed nostrum perferendis odit odio dolore. Labore itaque nemo quasi voluptates adipisci. Laboriosam tempore ratione atque explicabo vel reiciendis. Mollitia minima voluptatum hic fugit minus magni.,807,1974-01-13 15:43:01,1996-08-22 21:49:37,1997-11-22 22:00:38,1986-07-01 11:11:03
8615,Accusantium libero aspernatur odio dolorem provident.,"Natus ratione qui excepturi eius et facere. Fuga iste quos officiis qui facere eaque.
Porro accusamus vero nobis. Blanditiis nihil ipsum delectus animi itaque pariatur ratione.",529,2008-01-12 21:01:52,2002-02-08 14:05:58,2011-08-17 10:58:12,2001-07-20 16:09:42
8917,Asperiores quidem quia.,"Ea earum rem. Nostrum animi nemo consequatur nisi error optio.
Ex ratione deserunt voluptatem ullam ipsam unde recusandae. Voluptates perferendis ad rerum accusamus voluptates.",780,1970-03-16 20:12:45,2019-10-08 16:21:50,1986-04-20 03:42:44,2002-07-21 01:04:57
6973,Numquam nam quidem illo.,Aliquam sunt iusto expedita earum minus incidunt quis. Consequuntur natus sapiente aut qui totam. Illo at omnis eius.,781,2016-11-23 15:23:43,1986-09-08 04:30:08,2000-11-16 07:25:19,1998-02-02 01:08:20
4944,Dignissimos doloribus vel.,"Nihil aliquid quibusdam impedit delectus consequuntur rem. Corporis exercitationem voluptas cupiditate unde adipisci adipisci.
Ex sequi exercitationem odit porro dolores quas.",910,2023-08-09 10:08:35,2002-06-10 08:49:53,1971-06-12 10:34:21,2018-08-26 05:20:59
1189,Temporibus numquam provident repellendus ipsa.,Vitae alias libero harum distinctio esse omnis. Vitae libero ratione hic quo deleniti minima debitis. Veritatis nam quo dignissimos velit asperiores minima.,963,2008-09-29 03:44:45,1993-03-07 04:10:22,1973-08-03 15:40:53,2007-08-31 05:24:25
4863,Veritatis aut sed eum cum.,Molestias perspiciatis non laborum asperiores ipsum autem laboriosam. Vero ducimus alias deleniti soluta totam. Dicta magni libero corrupti nam.,738,2015-08-19 04:23:36,1975-06-04 01:45:24,1985-05-29 18:51:42,2010-09-07 15:02:56
9055,Ex iste esse ex modi quis eum minus.,Laudantium adipisci error reprehenderit maxime atque excepturi. Illo deleniti architecto beatae earum. Voluptatibus impedit maxime saepe dolorum reprehenderit saepe perspiciatis.,79,1973-10-26 00:28:13,2004-09-10 15:44:11,1976-02-09 12:15:46,2003-05-06 08:28:36
5856,Suscipit optio modi iure.,Saepe corrupti odio dolorem eum ratione. Magnam vel reprehenderit ratione. Magnam ipsum necessitatibus placeat possimus.,205,1977-11-18 14:41:30,1973-01-23 23:18:24,1988-05-16 01:10:36,1994-12-12 23:02:45
1822,Iusto dolorum autem.,Omnis beatae sunt ipsa architecto. Consectetur atque maiores veritatis officiis. Blanditiis amet fuga voluptate autem repudiandae maiores. Inventore mollitia harum consequuntur esse illo optio.,269,2021-06-07 03:32:29,1989-04-10 01:10:50,2014-08-24 20:38:57,2000-08-01 23:13:59
8711,Esse illo vitae aliquid omnis repellendus delectus.,"Totam quod aliquid aperiam ab ullam consequatur. Vitae ullam doloribus illum rem. Pariatur est dolorem incidunt.
Qui consequatur nihil ullam incidunt. Exercitationem soluta cum officia animi est.",19,2012-05-23 12:34:02,1972-04-29 10:56:10,1986-12-07 05:21:06,2014-02-06 23:51:01
4328,Nostrum quibusdam ab sunt nulla.,"At maxime deleniti laudantium dicta. Qui iusto a consequatur.
Voluptate atque explicabo fugiat in harum et voluptatem. Ipsam sint atque illum quasi enim. Illo veniam autem odit.",750,2008-07-06 02:24:46,1979-06-02 05:24:59,1987-05-24 06:17:49,1990-03-16 00:58:08
118,Tenetur voluptatum quaerat fuga veniam nobis debitis.,"Placeat praesentium est ipsam nesciunt. Voluptatum itaque est. Debitis necessitatibus tempora possimus laudantium harum.
Dignissimos iste optio expedita. Assumenda sequi nisi saepe optio culpa iure nesciunt.",189,1978-12-28 13:56:15,2001-08-11 19:51:16,2002-07-04 21:11:19,2002-04-17 03:23:08
5879,Doloribus laborum natus voluptatum.,"Fuga molestiae eveniet repellat ut molestiae corrupti. Nisi odio provident pariatur occaecati animi velit.
Animi in ratione fugiat nobis. Nemo consectetur vel dolores aliquid labore iusto similique. Sit molestias deserunt tenetur.",360,2015-03-25 17:46:37,2010-11-26 00:57:19,1973-05-16 09:46:41,1992-01-10 07:09:55
3557,Temporibus laudantium necessitatibus architecto omnis sequi optio.,"Aliquid error velit odio voluptatum provident. Excepturi saepe nobis autem pariatur. Sint corporis vel reprehenderit.
Officiis ullam iusto debitis. Dicta veniam repellendus eius libero quae. Mollitia repellendus culpa saepe ipsa quidem.",159,1998-11-11 10:53:04,1998-05-28 21:04:51,2003-01-22 15:11:40,1973-02-18 15:41:16
5451,Suscipit maxime consequuntur rem ipsum maiores.,"Facilis cumque totam quisquam. Officia totam animi asperiores quaerat.
Recusandae deleniti est debitis quia laborum consectetur. Maiores facere ea quo enim excepturi.",138,1991-03-16 14:09:44,1973-05-17 21:34:24,1989-06-21 15:00:18,1987-11-13 08:58:54
6206,Dolor facere et ducimus.,"Eveniet aspernatur repudiandae sapiente maiores consequuntur expedita. Ex iusto fugit adipisci doloremque accusamus consequatur repellendus.
Illum eveniet illum ipsam.",766,2022-11-09 19:58:20,1976-10-08 17:45:14,1976-09-27 19:31:03,2004-11-12 23:02:06
3294,Commodi et rerum.,Ea necessitatibus alias velit aut consectetur. Tempore ratione libero exercitationem. Possimus cumque fuga voluptates aperiam. Nihil sapiente soluta corporis tempore quae vel labore.,785,1990-03-21 11:37:44,2018-07-22 18:53:51,2006-12-29 21:14:06,1998-12-15 07:36:38
3876,Harum placeat veniam eos soluta.,"Hic veritatis officia cupiditate distinctio. Sint adipisci rerum quibusdam necessitatibus est. Inventore dignissimos debitis repudiandae perferendis consectetur facere ipsa. Totam aliquam minima ex praesentium minima.
Eum laudantium a natus minus.",241,1980-12-03 09:24:18,1977-03-02 07:51:51,1988-03-30 01:06:17,2016-11-07 21:02:20
4184,Inventore ea expedita ratione nisi voluptate labore quasi.,"Aperiam fugiat harum. Iure odit quo magni ratione magni deserunt. Quos quod sint provident odit eum.
Vero aliquam autem non officia. Similique necessitatibus quisquam tenetur. Impedit soluta debitis numquam.",834,1978-11-11 02:04:16,1995-09-04 12:31:57,2010-05-20 08:12:44,1995-03-22 11:55:42
8949,Neque eos laudantium consequatur cumque repudiandae natus sapiente.,"Ad fuga laudantium molestias officiis tempore. Nostrum vero optio quis adipisci ipsa minima.
Ipsam autem iure assumenda. Itaque accusamus necessitatibus autem dolorem ipsum.",23,1989-03-01 08:19:33,1992-03-06 19:01:34,2014-05-20 11:32:47,1970-08-29 06:40:55
6976,Temporibus quaerat doloribus quod animi.,"Nam commodi cum corporis rerum laborum optio. Iusto magnam dolorum.
Repellat atque veniam quia necessitatibus delectus delectus voluptatem. Doloremque harum nesciunt unde voluptate ad temporibus. Error possimus necessitatibus maiores quibusdam.",623,1970-08-15 06:14:40,1972-01-20 21:39:02,1977-12-21 04:03:32,1999-02-20 22:55:50
4372,Totam mollitia maxime corrupti minima nisi repellat.,"Tenetur culpa ipsum sunt dolore molestias. Assumenda veniam rem.
Earum fugiat sint magni explicabo ex labore. Omnis enim architecto odio molestias. Tempora ad sapiente voluptatibus possimus beatae pariatur.",298,1986-05-14 06:53:13,1981-09-10 12:50:37,1999-08-02 23:24:42,1979-05-09 10:16:34
5345,Rem accusamus aliquid officiis.,"Molestias magni in nihil architecto dolorem nisi. Praesentium ipsum enim autem provident.
Ratione doloremque itaque laboriosam nobis consequuntur. Quisquam soluta deleniti quo.",775,2006-05-24 09:16:17,1987-11-25 19:00:47,1982-09-24 17:50:15,1976-10-30 10:40:28
1049,Accusantium accusantium consequuntur qui eligendi ab.,"Molestiae amet occaecati. Nulla ab laudantium impedit quisquam explicabo eaque. Tempore facilis iusto hic quo perferendis nisi.
Quidem assumenda molestias iure. Excepturi provident consectetur libero. Distinctio tempora ex earum.",281,1989-08-18 21:06:23,2008-04-25 14:47:25,2018-01-19 00:35:26,1990-08-09 04:27:21
2092,Blanditiis eos culpa.,Tempore corrupti ut doloribus reprehenderit recusandae. Dicta quos doloribus. Voluptatum exercitationem ducimus suscipit fugit.,733,1972-11-11 14:03:29,2004-12-29 19:36:12,2005-09-08 19:53:51,1990-06-27 10:51:09
2243,Maiores consequuntur quaerat asperiores odit placeat.,Earum dicta dolorem aspernatur sit. A sequi molestias ipsam. Illum cum quis doloremque.,147,2024-02-28 12:55:40,1992-05-22 19:46:18,2016-07-06 20:29:36,1980-08-05 07:27:11
5282,Velit deleniti deleniti ducimus.,"Necessitatibus corrupti reprehenderit et aliquid debitis eum odio. Voluptatibus quae nam sint deserunt ullam deserunt. Libero voluptatem culpa corrupti qui recusandae.
Ex sed iure vitae nulla quidem. Qui deserunt numquam fuga beatae.",89,1985-04-13 01:18:15,2015-10-16 18:45:22,1995-05-21 14:28:06,2015-04-22 01:16:30
5490,Exercitationem corrupti officia ex explicabo.,"Ab repellendus animi eos impedit cupiditate aliquid. Est debitis ratione quibusdam voluptate libero saepe. Saepe ex minima rem voluptatem.
Neque distinctio molestiae corporis ut recusandae.
Atque perspiciatis exercitationem sit.",774,2003-11-17 02:34:01,2000-01-16 15:42:31,2010-01-28 16:16:33,1973-02-11 12:23:38
8840,Voluptas ex autem ipsa a quidem quam.,"Ipsum ab doloribus sint. Doloremque fuga excepturi necessitatibus libero temporibus.
Nemo similique sapiente commodi doloremque rem expedita. Optio assumenda aliquam commodi minus labore.
Quae corporis recusandae consequatur eligendi.",304,1981-04-14 08:09:57,1987-07-25 09:25:37,2011-06-17 00:35:03,1985-09-17 19:45:38
5753,Quaerat dicta doloremque nemo.,"Voluptatum aut occaecati unde. Optio sapiente amet assumenda doloremque voluptatibus. Iure debitis consectetur non.
Voluptates ea a consequatur at. Tempore labore ea facilis.",175,1970-07-03 03:05:19,2021-05-22 04:39:10,1977-06-23 07:44:30,2021-03-31 00:22:50
4748,Beatae dolore nulla quaerat dicta culpa.,"Unde accusamus harum laborum vel. Repudiandae non asperiores adipisci.
Ad quaerat sunt aliquam itaque maxime iure. Dolorum vitae repellendus neque. Id dignissimos similique a iusto labore quia quasi. Veritatis alias laborum in beatae similique.",254,1989-06-05 07:33:40,1990-12-19 08:00:39,2023-11-19 00:10:59,2007-03-28 12:22:39
3389,Maiores quibusdam laboriosam laudantium at.,"Aperiam repellat sequi autem. Non facere dicta earum exercitationem quos.
Vel ea debitis nisi maxime rem. Vel culpa sit aut magni a. Distinctio tenetur quasi.
Accusantium aut fugiat totam facere repellat atque unde. Fugiat voluptatibus omnis.",325,1994-02-03 05:34:27,1995-04-24 15:21:26,1995-06-19 02:21:52,2014-09-17 09:50:11
9295,Quasi rem culpa pariatur.,"Labore adipisci eum fugit sed laborum. Ullam molestiae atque laudantium rerum eaque autem.
Dolores veritatis quibusdam harum. Architecto pariatur reprehenderit amet quae. At excepturi voluptatum deleniti laborum id eaque.",147,1975-08-16 15:01:05,1999-04-14 20:44:06,1995-06-17 01:03:39,1982-07-01 22:51:03
4049,Adipisci nam suscipit.,"Saepe reprehenderit ullam assumenda amet voluptates. Voluptas tenetur voluptate ipsam quibusdam.
Recusandae cupiditate natus architecto quibusdam voluptates nesciunt. Magni nostrum cupiditate at. Voluptas optio molestias.",657,2003-09-02 02:48:40,1978-02-03 08:10:02,1973-11-10 07:50:10,1973-05-24 21:03:51
8519,Aspernatur dolore voluptatibus assumenda fugiat.,Repellendus assumenda odit pariatur deserunt magni eos. Maxime sequi eligendi nobis nihil eligendi. Occaecati alias architecto voluptates vero incidunt doloremque libero. Magnam ipsa dicta vitae quisquam.,280,1970-01-26 18:47:27,2000-12-19 17:47:09,1994-07-16 07:48:09,1978-05-29 13:50:51
4528,Excepturi dolorum dolorem sunt non eveniet.,"Asperiores nobis quaerat accusamus illum doloremque harum. Dolore officiis nam.
Quibusdam exercitationem sequi ad ab odit. Accusamus nam minima eos consequatur quas architecto.
Facere suscipit voluptatibus fuga. Reprehenderit rem eveniet quam architecto.",974,1998-05-02 17:41:26,1979-09-16 04:57:15,2002-10-02 06:16:48,2019-05-08 01:23:29
7738,Suscipit vel quisquam atque nihil.,Corporis harum nulla a sequi officiis rerum est. Minus officiis ab laborum reiciendis vitae ullam. Enim quae culpa. Aperiam dolorum doloribus temporibus blanditiis maiores assumenda.,690,1984-06-16 14:16:08,1984-03-04 03:28:46,2016-09-17 18:02:59,2023-08-31 20:58:07
928,Maiores occaecati aliquid inventore.,Odio voluptatum corporis omnis. Occaecati distinctio ab at voluptates aliquam sunt. Ab dolor voluptatem officiis dolor consequatur perferendis doloribus.,293,2010-09-08 10:28:23,2024-01-14 22:48:18,1980-04-06 03:38:45,2018-12-22 00:04:57
2722,Ipsa voluptas odit harum eum.,"At vero voluptas magnam. Odit asperiores reprehenderit illo accusantium. Illo impedit unde ea id atque.
Magni quas quidem nulla. Necessitatibus nulla temporibus soluta harum in dicta.",631,2020-06-05 19:38:29,2018-12-18 22:46:59,1979-08-16 13:25:00,2002-11-28 06:52:51
2513,Sunt numquam sint vero quam nulla doloribus.,"Sint beatae animi optio voluptates. Eligendi harum velit earum similique quidem aut. Quaerat consequuntur iure deserunt.
Iusto cupiditate alias ab. Aliquid voluptate quam quae voluptate autem.",170,1996-03-20 10:18:56,1995-11-16 14:06:02,1980-07-01 07:59:48,1986-08-08 08:35:09
9499,Tenetur aspernatur eveniet aut inventore sint.,Minus corporis officiis vero velit necessitatibus ipsa. Consequuntur doloremque amet earum amet corporis nisi. Occaecati quis deleniti doloribus optio sint.,660,1998-07-31 21:12:10,1996-09-29 05:52:50,2021-10-27 20:05:39,2023-11-26 12:48:55
